,0
CIA_01,russian name igor kolokov arrest cairo januari charg assault egyptian polic offic attempt arrest drunk public kolokov sell medic suppli throughout middl east repres compani moscow call medikat background check kolokov reveal formerli administr soviet institut vector strizi near kirov russia arrest kolokov carri card note read russian safrygin peshawar
CIA_01,"{'person': ['igor kolokov', 'kolokov'], 'location': ['cairo', 'the middle east', 'moscow', 'strizi', 'russia'], 'date': ['29 january, 2003'], 'organization': ['the soviet institute']}"
CIA_02,david loiseau canadian citizen toronto kanjak train camp wound near gizab march b raeed beandali american detroit mine warfar train al khaldun train camp wound near qalat novemb sent london decemb c fahd khadr canadian montreal light weapon train train camp sent home octob
CIA_02,"{'person': ['david loiseau', 'kanjak', 'raeed beandali', 'al khaldun', 'fahd khadr', 'al-badr'], 'location': ['toronto', 'detroit', 'london'], 'date': ['2000-2001', 'march 2002', '2000-2001', 'qalat', '26 november, 2002', '12 december, 2002', '1999-2000', '23 october, 2000'], 'organization': []}"
CIA_03,surveil report cesar arz whose resid avenu franci santo domingo dominican republ arz move havana cuba santo domingo work medic technician santo domingo arz surveil inform associ cuban intellig servic arz photograph compani man identifi hector lopez bogota columbia januari lopez known repres farc conduct narcot distribut activ throughout south central america caribbean
CIA_03,"{'person': ['arze', 'arze', 'arze'], 'location': ['havana', 'cuba', 'bogota', 'columbia', 'caribbean'], 'date': ['1992', '23 january, 2003'], 'organization': []}"
CIA_04,sourc report observ near calamar march three men knew cuban discuss transfer cocain member nation liber armi eln columbia sourc recogn one cuban jose escalant sourc say knew escalant student school medic laboratori technician havana sourc said believ escalant work capac cuban militari sourc also state cuban repres frequent visit area columbia ecuador peru arrang exchang weapon variou sort need eln cocain eln suppli cuban sell distribut narcot throughout caribbean central american region
CIA_04,"{'person': ['jose escalante'], 'location': ['calamar', 'havana', 'columbia', 'ecuador', 'peru', 'caribbean'], 'date': ['3 march', '2003', '1991'], 'organization': []}"
CIA_05,pyotr safrygin formerli director secur vector institut strizi russia hold posit director secur central russia airlin born lipetsk russia decemb live moscow
CIA_05,"{'person': [], 'location': ['strizi', 'russia', 'russia', 'russia', 'moscow'], 'date': ['26 december, 1950'], 'organization': ['the vector institute']}"
CIA_06,saeed hasham alias hamid qatada yasir salman member central staff al qaeda head farooq train camp khost area name appear mani plan document insurg activ jorm taloqan salang tunnel receiv special notic osama bin laden septemb plan success insurg action b khalid taha record alias egyptian head spin shaga camp pakhtia provinc kashmiri milit special chemic weapon c fahd al badawi record alias saudi medic degre univers cairo egypt specialti immunolog medic staff farooq train camp award success treat osama bin laden bacteri infect juli
CIA_06,"{'person': ['hamid qatada', 'bin laden', 'al badawi', 'bin laden'], 'location': ['khost area', 'pakhtia province', 'egypt'], 'date': ['2002', '22 september 2002', '2001', 'july', '2000'], 'organization': ['al qaeda', 'university of cairo']}"
CIA_07,april suret de issu bulletin concern moroccan name abdillah zinedin alia abu haf among other occupi hous rue duhesm zinedin want connect attempt blow fair sauter amercan embassi pari fall zinedin explos expert afghanistan provid al qaeda member explos train al badr ii train camp pakhtia provinc area afghanistan recent learn zinedin left pari flight montreal canada april use fraudul french passport name mehdi rafiki anoth occup hous rue duhesm interrog report abu haf knew zinedin said way chicago visit old friend identifi murad sourc identifi anoth moroccan zakarya ziyad said zinedin mention murad would great thing sever citi america
CIA_07,"{'person': ['abdillah zinedine', 'abu hafs', 'zinedine', 'zinedine', 'abu hafs'], 'location': ['paris', 'afghanistan', 'afghanistan', 'paris', 'montreal', 'canada', 'chicago', 'murad', 'america'], 'date': ['2 april, 2003', 'the fall of 2001', '1997 - 2000', '1 april, 2003'], 'organization': ['al qaeda']}"
CIA_08,moham al omari saudi apprehend pakistani polic peshawar januari omari badli wound time say shot attempt desert al qaeda insurg group taken refug near parachinar border omari place hospit recoveri encourag talk al qaeda activ among item inform omari reveal farooq train facil american presenc afghanistan shown photo variou person ask could identifi one photo taken peshawar januari show group four men omari said knew three sinc farooq train camp one man identifi badawi second identifi mamdouh al hazmi third identifi hasham omari could rememb first name omari said three member al qaeda
CIA_08,"{'person': ['mohamed al omari', 'badawi'], 'location': ['afghanistan', 'pakistan', 'afghanistan'], 'date': ['12 january 2003', '2001', '2 january, 2003'], 'organization': ['omari', 'al qaeda', 'omari', 'al qaeda', 'omari', 'omari', 'omari', 'al qaeda']}"
CIA_09,sourc report carat polish diamond trade organ repres rebel forc liberia assort weapon person acquir diamond organ identifi arab businessman done trade past person request diamond sent address panama citi panama gave panamico packag deliv ramundo ortiz address mark custom purpos art object commerci valu
CIA_09,"{'person': [], 'location': ['liberia', 'panama city', 'panama'], 'date': [], 'organization': []}"
CIA_10,respons queri associ omar mahmoud othman baker mosqu london mi respond inform man name omar hanif given employ othman mosqu period left uk year possibl afghanistan travel record show travel london heathrow islamabad februari return london decemb hanif hold valid british passport live appl nassau bahama employ chain hotel bahama work seashor hotel nassau occasion freeport star hotel freeport anoth name mention mi associ othman jamal al quso came uk yemen appli british citizenship refus repeat troubl law convict incit riot serv suspend sentenc record reveal left london heathrow flight chicago illinoi juli
CIA_10,"{'person': ['omar mahmoud othman', 'omar hanif', 'hanif', 'al quso'], 'location': ['london', 'uk', 'afghanistan', 'london', 'london', 'uk', 'yemen', 'london', 'chicago', 'illinois'], 'date': ['a year', '1999', 'february of 1999', 'december, 1999', '1993', '1998', '1996', 'one-year', 'july 17, 1999'], 'organization': []}"
CIA_11,hous sahibzada gul rd peshawar suspect al qaeda safe hous raid may pakistani intellig unfortun appar occup fled day howev mess left behind item interest one expir pakistani passport issu person name yasir salman item includ doctor stethoscop note taken arab legionella gastroenter note written arab result may project usa call topoff addit open envelop address arab badawi found behind cabinet one room hous final note written arab simpli state karachi march safrygin fund
CIA_11,"{'person': ['f. badawi'], 'location': [], 'date': ['15 may, 2003', 'the day before', '2002', 'march 10, 2003'], 'organization': ['al qaeda']}"
CIA_12,number bomb attempt casablanca may five attempt one succeed caus mass casualti four attempt fail bomber kill bomb believ action local individu may train al qaeda afghanistan person believ particip success bomb apprehend june name moham essabar interrog essabar ask reveal name particip even duress refus howev arrest carri note arab sign person name atmani one person interest name abdellah atmani resid casablanca life interview atmani becam clear part bomb may howev name brought attent atmani work load supervisor holland orang ship line offic dock casablanca holland orang ship make regular freight run casablanca varieti locat along east coast usa well place caribbean moroccan polic report keep atmani surveil
CIA_12,"{'person': ['mohamed essabar', 'a. atmani', 'abdellah atmani'], 'location': ['afghanistan', 'holland', 'the east coast', 'caribbean'], 'date': ['16 may, 2003', '18 june, 2003', '16 may, 2003'], 'organization': ['al qaeda']}"
CIA_13,june three men arrest voorburg straat amsterdam three men indonesian origin emigr netherland mid men arrest evid form plan destroy number jewish synagogu amsterdam place netherland one person identifi special interest us name establish riduan sungkar born kuala lumpur taken polic sungkar carri airlin ticket schiphol airport amsterdam chicago il connect flight lo angel ca departur date ticket june also carri dutch passport name omar evertt give address voorburg straat amsterdam addit small notebook contain sever name address two person locat lo angel area somad buckthorn st inglewood ca bafaba flaxton culver citi ca
CIA_13,"{'person': ['omar evertts', 'a. somad', 'y. bafaba'], 'location': ['amsterdam', 'netherlands', 'amsterdam', 'netherlands', 'kuala lumpur', 'amsterdam', 'chicago', 'los angeles', 'los angeles', 'st.', 'culver city'], 'date': ['20 june, 2003', 'the mid 1990s', '1974', '23 june, 2003'], 'organization': []}"
CIA_14,biograph inform request ramundo ortiz panama citi record reveal ortiz run busi deal art object well preciou stone known expert evalu diamond tanzanit busi locat panamico ave panama citi travel extens throughout central south america also known travel havana cuba mani occas known associ narcot traffic way appear quit prosper support mani local chariti also known busi varieti client africa middl east especi iran pakistan
CIA_14,"{'person': [], 'location': ['panama city', 'panama city', 'south america', 'havana', 'cuba', 'africa', 'the middle east', 'iran', 'pakistan'], 'date': [], 'organization': []}"
CIA_15,pakistani citizen volunt juli price provid inform happen former occup sahibzada gul rd peshawar could say knew went north like chitral ask provid inform previou occup would say knew al qaeda footnot stori juli inform found throat slit back alley peshawar
CIA_15,"{'person': [], 'location': [], 'date': ['15 july, 2003', '17 july'], 'organization': ['al qaeda']}"
CIA_16,base nsa report juli inform solicit rcmp regard activ derwish live tecumseh rd windsor ontario rcmp report person name fact satam derwish saudi use first name ronald sinc arriv canada derwish hold canadian passport derwish surveil recent rcmp associ suspect hezbollah member windsor detroit michigan derwish work ticket agent canada eastern airlin windsor get frequent trip low cost variou place usa travel recent newark nj chicago il columbu ohio citi serv canadian eastern airlin
CIA_16,"{'person': ['ronald'], 'location': ['rcmp', 'rcmp', 'canada', 'detroit', 'michigan', 'chicago', 'columbus', 'ohio'], 'date': ['1 july, 2003', '1992'], 'organization': ['derwish', 'derwish', 'hezbollah', 'canada eastern airlines', 'nj']}"
CIA_17,base nsa intercept report septemb inform request person name bugarov presum russian might contact pyotr safrygin vector institut moscow believ bori bugarov work scientist bioweapon vector year travel havana cuba yuri kalinin return moscow shortli thereaft seen sinc sourc russia say return cuba live havana work capac cuban govern
CIA_17,"{'person': ['gen.', 'yury kalinin'], 'location': ['moscow', 'havana', 'cuba', 'moscow', 'russia', 'cuba', 'havana'], 'date': ['12 september, 2003', 'the years 1986 and 1990', '1990'], 'organization': ['the vector institute']}"
CIA_18,inform request muslih odeh mention nsa report septemb mi report muslih odeh believ saudi british citizen saudi intellig report muslih odeh born jeddah last record live saudi arabia riyadh
CIA_18,"{'person': [], 'location': ['saudi arabia'], 'date': ['15 september, 2003', '1967', '1998'], 'organization': []}"
CIA_19,one men identifi photo taken peshawar januari mention cia report april mamdouh al hazmi person saudi known associ al qaeda recent obtain record reveal mamdouh al hazmi kill firefight american forc march near orgun afghanistan
CIA_19,"{'person': [], 'location': ['afghanistan'], 'date': ['2 january, 2003', '20 april, 2003', '12 march', '2003'], 'organization': ['cia', 'al qaeda']}"
CIA_20,paid sourc chitral said treat octob broken arm badawi refuge camp outsid chitral ask knew badawi sourc repli anoth refuge told doctor
CIA_20,"{'person': ['badawi', 'badawi'], 'location': [], 'date': ['about 2 october, 2003'], 'organization': []}"
CIA_21,queri regard cuban regist casablanca hotel carlo araneda havana cuba regist moroccan sand hotel octob check octob jose escalant bugarov havana cuba regist togeth sahara atlant hotel octob check octob arnoldo ramirez san cristob cuba regist sahara atlant hotel octob check octob
CIA_21,"{'person': ['carlos araneda', 'jose escalante', 'b. bugarov', 'arnoldo ramirez'], 'location': ['havana', 'cuba', 'havana', 'cuba', 'atlantic', 'san cristobal', 'cuba', 'atlantic'], 'date': ['19 october, 2003', '22 october, 2003', '21 october, 2003', '23 october, 2003', '18 october, 2003', '22 october, 2003'], 'organization': []}"
CIA_22,queri regard person pakistan regist casablanca hotel octob moroccan oasi hotel ali talib karachi octob abu adil karachi octob omar al banna peshawar octob nadia mahfouz peshawar octob ali mishal islamabad octob sahara atlant hotel abdel noufal peshawar octob ahmad miner karachi octob yasir salman karachi octob jamat syeed hyderabad octob moroccan sand hotel shukri azzam hyderabad nidal awad peshawar octob
CIA_22,"{'person': ['omar al banna', 'ahmad miner', 'shukri azzam'], 'location': ['pakistan', 'nadia', 'atlantic'], 'date': ['october, 2003', 'october', 'october', 'october', 'october', 'october', 'october', 'october', 'october', 'october'], 'organization': ['abu adil', 'ali mishal', 'yasir']}"
CIA_23,respons queri regard person avenu san martin santo domingo see nsa report novemb resid address list carlo moral moral work taxi driver autofleet taxi compani santo domingo record reveal moral appli dominican republ citizenship grant februari birth certif show born bueno air argentina march sourc took sever ride taxi driven moral say overheard moral speak fluent arab someon call use phone cab
CIA_23,"{'person': ['carlos morales'], 'location': ['argentina'], 'date': ['1 november, 2003', '2000', 'february of 2001', '4 march,', '1970'], 'organization': []}"
CIA_24,surveil omar hanif reveal travel nassau bahama cairo egypt decemb return decemb cairo photograph come shop rams cairo compani two men provid photo abl identifi one two men saeed hasham
CIA_24,"{'person': ['omar hanif'], 'location': ['bahamas', 'cairo', 'egypt', 'cairo', 'cairo'], 'date': ['20 december, 2003', '25 december, 2003'], 'organization': []}"
CIA_25,check activ ramundo ortiz reveal januari sent wire transfer cuban peso canal bank panama citi peopl bank havana cuba transfer account held jose escalant peopl bank
CIA_25,"{'person': ['jose escalante'], 'location': ['panama city', 'havana', 'cuba'], 'date': ['27 january, 2004'], 'organization': []}"
CIA_26,surveil continu omar hanif nassau bahama februari hanif took flight nassau miami fl board flight london arriv februari took connect flight karachi pakistan return rout februari karachi hanif stay resid nishtar rd hous surveil pakistani intellig
CIA_26,"{'person': ['omar hanif', 'hanif'], 'location': ['miami', 'london', 'karachi', 'pakistan', 'karachi'], 'date': ['4 february, 2004', '5 february', '7 february'], 'organization': []}"
CIA_27,februari mi request inform malaysian name ali sufaat report work caribbean cargo ship line caraca venezuela sourc could say sufaat work caribbean cargo intermitt report left caraca either cuba bahama known sufaat travel place work caribbean cargo
CIA_27,"{'person': ['ali sufaat'], 'location': ['caribbean', 'caracas', 'venezuela', 'caracas', 'cuba'], 'date': ['17 february'], 'organization': []}"
CIA_28,respons request inform holland orang ship line rout casablanca destin usa surround area ship line two freighter dutch courag orang queen regularli deliv cargo miami savannah norfolk usa ship also make deliveri santo domingo dominican republ caraca venezuela orang queen servic port usa dutch courag servic port dominican republ venezuela
CIA_28,"{'person': [], 'location': ['miami', 'norfolk', 'va.', 'caracas', 'venezuela', 'venezuela'], 'date': [], 'organization': ['holland orange shipping lines', 'ga']}"
CIA_29,news agenc report april cattl citi blagoveshchensk found foot mouth diseas one thousand cattl alreadi slaughter state emerg declar six district amur region
CIA_29,"{'person': [], 'location': [], 'date': ['15 april, 2004'], 'organization': []}"
CIA_30,sourc track cesar arz santo domingo report may arz photograph park santo domingo compani carlo moral man identifi cuban name jose escalant known arz escalant receiv train togeth school medic technician havana cuba arz suspect associ cuban intellig see cia report februari addit inform avail carlo moral overheard speak fluent arab see cia report novemb sourc bueno air argentina report consider traffic forg birth certif among member islam commun argentina
CIA_30,"{'person': ['arze', 'jose escalante', 'arze', 'arze', 'carlos morales'], 'location': ['havana', 'cuba', 'argentina', 'argentina'], 'date': ['1 may, 2004', '1992 - 1993', '22 february', '2003', '15 november, 2003'], 'organization': ['cia', 'cia']}"
CIA_31,inform background bori bugarov provid inform gather time ago russian sourc bugarov born town saratov train biolog moscow state univers appear join vector institut around becam expert develop aerosol form biolog weapon believ bugarov work aerosol form smallpox pneumon plagu recent sourc say bugarov went cuba return moscow sometim report divorc wife return cuba howev still travel frequent europ middl east south america also known cuba activ biolog weapon program
CIA_31,"{'person': ['boris bugarov'], 'location': ['cuba', 'moscow', 'cuba', 'europe', 'the middle east', 'south america', 'cuba'], 'date': ['1950', 'around 1986', '1992', '1993'], 'organization': ['moscow state university', 'the vector institute']}"
CIA_32,inform provid mi regard muslih odeh see cia report septemb mi report record odeh british passport may saudi passport known employ freeport star hotel freeport bahama current surveil
CIA_32,"{'person': [], 'location': [], 'date': ['25 september', '2003'], 'organization': ['cia']}"
CIA_33,report issu respons fbi request inform regard abdul nasser ali known abdul ahm nasser ran chemic weapon train program afghanistan al khuldan camp khost area also see dia report februari recent translat record obtain comput hard disk reveal saudi name ali al omari student camp februari
CIA_33,"{'person': ['ali al-omari', 'al khuldan', 'ali al omari'], 'location': ['afghanistan'], 'date': ['1999 - 2001', '12 february, 2004', 'february of 2000'], 'organization': ['fbi', 'dia']}"
CIA_34,sourc moscow happen work direct pyotr safrygin central russia airlin say drove safrygin locat near strizhi septemb safrygin met man farm hous sourc say safrygin gave man bag probabl contain rubl receiv packag size four shoebox mark russian antibiot way back moscow sourc said safrygin told antibiot sold black market africa
CIA_34,"{'person': [], 'location': ['moscow', 'russia', 'strizhi', 'moscow', 'africa'], 'date': ['1 september'], 'organization': []}"
CIA_35,inform obtain center diseas control cdc learn case foot mouth diseas confirm vicin bucaramanga columbia cdc say case appear fmd type
CIA_35,"{'person': ['cdc'], 'location': ['bucaramanga', 'columbia'], 'date': [], 'organization': []}"
CIA_36,grigori sizov former soviet chemist teach univers usa ask could tell us bori bugarov work cuba sizov said knew bugarov person met visit sizov took moscow sizov said bugarov regard castro buffoon stay havana enjoy climat make much money former soviet union sizov also said bugarov show pictur attract cuban woman bugarov said plan marri sizov said bugarov told almost noth work cuba howev said free travel capabl assist help sort thing sizov said guess bugarov might still involv bw work might also involv distribut narcot final sizov said could help notic sever flashi diamond ring bugarov wear met
CIA_36,"{'person': ['grigory sizov', 'boris bugarov', 'sizov', 'castro', 'sizov'], 'location': ['cuba', 'moscow', 'havana', 'soviet union', 'cuba'], 'date': ['2002'], 'organization': []}"
CIA_37,cia report februari note pakistani intellig agre keep resid nishtar rd karachi surveil septemb report us event prompt raid resid septemb raid five person kill among two polic offic three other kill identifi abdul jabarah kuwaiti fahd jehani saudi ramzi al shibh yemeni known member al qaeda jehani seem courier sinc carri packet messag messag contain instruct insurg activ pakistan includ attempt made octob destroy polic hq karachi one messag address h chitral read allah prais provid fund need finish work fund way ten day messag sent person identifi moataz possibl alia sent gwadar pakistan
CIA_37,"{'person': ['al shibh', 'jehani'], 'location': ['kuwaiti', 'pakistan', 'pakistan'], 'date': ['13 february, 2004', '17 september, 2004', '5 september, 2004', '1 october, 2004', 'ten days'], 'organization': ['cia', 'karachi under surveillance', 'al qaeda']}"
CIA_38,mi provid addit inform malaysian name ali sufaat known sufaat live step nassau bahama also known sufaat work deck hand island freight line make regular run nassau santo domingo sufaat surveil sever contact omar hanif seashor hotel nassau
CIA_38,"{'person': ['ali sufaat', 'omar hanif'], 'location': [], 'date': [], 'organization': []}"
CIA_39,sourc employ holland orang ship line casablanca assign keep track activ abdellah atmani sourc say octob atmani visitor wear uniform first offic central russia airlin person gave atmani care wrap packag mark russian antibiot sourc say atmani told offic tell boss packag aboard dutch courag good time later day sourc say observ atmani place holland orang ship label packag address santo domingo dominican republ sourc could see street address packag would sent
CIA_39,"{'person': ['abdellah atmani', 'atmani'], 'location': ['russia'], 'date': ['5 october, 2004', 'later the same day'], 'organization': []}"
CIA_40,case offic american embassi riyadh say overheard convers embassi parti spanish ambassador saudi arabia american consular offici regard employ saudi foreign embassi convers spanish ambassador mention entir famili name al ghamdi work spanish embassi riyadh ambassador went say work embassi clerk time becom attach three al ghamdi son ad regret three boy watch grow left saudi arabia two kill fight al qaeda afghanistan third son ad never return saudi arabia last heard taken resid santo domingo cab driver
CIA_40,"{'person': ['al ghamdi'], 'location': ['riyadh', 'saudi arabia', 'riyadh', 'saudi arabia', 'afghanistan', 'saudi arabia'], 'date': ['1970 to 1988'], 'organization': ['al qaeda']}"
CIA_41,addit inform request novemb sourc report activ pyotr safrygin septemb see cia report septemb sourc ask recogn person farm hous safrygin receiv packag mark antibiot sourc said recogn person farm hous said later learn farm hous own scientist vector
CIA_41,"{'person': [], 'location': [], 'date': ['2 november, 2004', '1 september, 2004', '15 september, 2004'], 'organization': ['cia', 'the farm house']}"
CIA_42,sourc assign cover activ omar hanif report decemb follow hanif took ship call packet nassau freeport bahama hanif carri packag sourc said carri label thought russian could translat sourc follow hanif freeport star hotel hotel park lot gave packag person name muslih odeh also surveil sourc said odeh place packag trunk car immedi drove
CIA_42,"{'person': ['omar hanif', 'hanif'], 'location': ['bahamas'], 'date': ['1 december, 2004'], 'organization': []}"
CIA_43,receiv inform sourc follow omar hanif yesterday decemb hanif met two men depart cruis ship vike holiday sourc said hanif taken men resid appl nassau
CIA_43,"{'person': ['omar hanif', 'hanif', 'hanif'], 'location': [], 'date': ['yesterday', '15 december, 2004'], 'organization': []}"
CIA_docs.txt,russian name igor kolokov arrest cairo januari charg assault egyptian polic offic attempt arrest drunk public kolokov sell medic suppli throughout middl east repres compani moscow call medikat background check kolokov reveal formerli administr soviet institut vector strizi near kirov russia arrest kolokov carri card note read russian safrygin david loiseau canadian citizen toronto kanjak train camp wound near gizab march b raeed beandali american detroit mine warfar train al khaldun train camp wound near qalat novemb sent london decemb c fahd khadr canadian montreal light weapon train train camp sent home octob surveil report cesar arz whose resid avenu franci santo domingo dominican republ arz move havana cuba santo domingo work medic technician santo domingo arz surveil inform associ cuban intellig servic arz photograph compani man identifi hector lopez bogota columbia januari lopez known repres farc conduct narcot distribut activ throughout south central america caribbean sourc report observ near calamar march three men knew cuban discuss transfer cocain member nation liber armi eln columbia sourc recogn one cuban jose escalant sourc say knew escalant student school medic laboratori technician havana sourc said believ escalant work capac cuban militari sourc also state cuban repres frequent visit area columbia ecuador peru arrang exchang weapon variou sort need eln cocain eln suppli cuban sell distribut narcot throughout caribbean central american region pyotr safrygin formerli director secur vector institut strizi russia hold posit director secur central russia airlin born lipetsk russia decemb live moscow saeed hasham alias hamid qatada yasir salman member central staff al qaeda head farooq train camp khost area name appear mani plan document insurg activ jorm taloqan salang tunnel receiv special notic osama bin laden septemb plan success insurg action b khalid taha record alias egyptian head spin shaga camp pakhtia provinc kashmiri milit special chemic weapon c fahd al badawi record alias saudi medic degre univers cairo egypt specialti immunolog medic staff farooq train camp award success treat osama bin laden bacteri infect juli april suret de issu bulletin concern moroccan name abdillah zinedin alia abu haf among other occupi hous rue duhesm zinedin want connect attempt blow fair sauter amercan embassi pari fall zinedin explos expert afghanistan provid al qaeda member explos train al badr ii train camp pakhtia provinc area afghanistan recent learn zinedin left pari flight montreal canada april use fraudul french passport name mehdi rafiki anoth occup hous rue duhesm interrog report abu haf knew zinedin said way chicago visit old friend identifi murad sourc identifi anoth moroccan zakarya ziyad said zinedin mention murad would great thing sever citi america moham al omari saudi apprehend pakistani polic peshawar januari omari badli wound time say shot attempt desert al qaeda insurg group taken refug near parachinar border omari place hospit recoveri encourag talk al qaeda activ among item inform omari reveal farooq train facil american presenc afghanistan shown photo variou person ask could identifi one photo taken peshawar januari show group four men omari said knew three sinc farooq train camp one man identifi badawi second identifi mamdouh al hazmi third identifi hasham omari could rememb first name omari said three member al qaeda sourc report carat polish diamond trade organ repres rebel forc liberia assort weapon person acquir diamond organ identifi arab businessman done trade past person request diamond sent address panama citi panama gave panamico packag deliv ramundo ortiz address mark custom purpos art object commerci valu respons queri associ omar mahmoud othman baker mosqu london mi respond inform man name omar hanif given employ othman mosqu period left uk year possibl afghanistan travel record show travel london heathrow islamabad februari return london decemb hanif hold valid british passport live appl nassau bahama employ chain hotel bahama work seashor hotel nassau occasion freeport star hotel freeport anoth name mention mi associ othman jamal al quso came uk yemen appli british citizenship refus repeat troubl law convict incit riot serv suspend sentenc record reveal left london heathrow flight chicago illinoi juli hous sahibzada gul rd peshawar suspect al qaeda safe hous raid may pakistani intellig unfortun appar occup fled day howev mess left behind item interest one expir pakistani passport issu person name yasir salman item includ doctor stethoscop note taken arab legionella gastroenter note written arab result may project usa call topoff addit open envelop address arab badawi found behind cabinet one room hous final note written arab simpli state karachi march safrygin number bomb attempt casablanca may five attempt one succeed caus mass casualti four attempt fail bomber kill bomb believ action local individu may train al qaeda afghanistan person believ particip success bomb apprehend june name moham essabar interrog essabar ask reveal name particip even duress refus howev arrest carri note arab sign person name atmani one person interest name abdellah atmani resid casablanca life interview atmani becam clear part bomb may howev name brought attent atmani work load supervisor holland orang ship line offic dock casablanca holland orang ship make regular freight run casablanca varieti locat along east coast usa well place caribbean moroccan polic report keep atmani surveil june three men arrest voorburg straat amsterdam three men indonesian origin emigr netherland mid men arrest evid form plan destroy number jewish synagogu amsterdam place netherland one person identifi special interest us name establish riduan sungkar born kuala lumpur taken polic sungkar carri airlin ticket schiphol airport amsterdam chicago il connect flight lo angel ca departur date ticket june also carri dutch passport name omar evertt give address voorburg straat amsterdam addit small notebook contain sever name address two person locat lo angel area somad buckthorn st inglewood ca bafaba flaxton culver citi ca biograph inform request ramundo ortiz panama citi record reveal ortiz run busi deal art object well preciou stone known expert evalu diamond tanzanit busi locat panamico ave panama citi travel extens throughout central south america also known travel havana cuba mani occas known associ narcot traffic way appear quit prosper support mani local chariti also known busi varieti client africa middl east especi iran pakistan pakistani citizen volunt juli price provid inform happen former occup sahibzada gul rd peshawar could say knew went north like chitral ask provid inform previou occup would say knew al qaeda footnot stori juli inform found throat slit back alley peshawar base nsa report juli inform solicit rcmp regard activ derwish live tecumseh rd windsor ontario rcmp report person name fact satam derwish saudi use first name ronald sinc arriv canada derwish hold canadian passport derwish surveil recent rcmp associ suspect hezbollah member windsor detroit michigan derwish work ticket agent canada eastern airlin windsor get frequent trip low cost variou place usa travel recent newark nj chicago il columbu ohio citi serv canadian eastern airlin base nsa intercept report septemb inform request person name bugarov presum russian might contact pyotr safrygin vector institut moscow believ bori bugarov work scientist bioweapon vector year travel havana cuba yuri kalinin return moscow shortli thereaft seen sinc sourc russia say return cuba live havana work capac cuban govern inform request muslih odeh mention nsa report septemb mi report muslih odeh believ saudi british citizen saudi intellig report muslih odeh born jeddah last record live saudi arabia riyadh one men identifi photo taken peshawar januari mention cia report april mamdouh al hazmi person saudi known associ al qaeda recent obtain record reveal mamdouh al hazmi kill firefight american forc march near orgun afghanistan paid sourc chitral said treat octob broken arm badawi refuge camp outsid chitral ask knew badawi sourc repli anoth refuge told doctor queri regard cuban regist casablanca hotel carlo araneda havana cuba regist moroccan sand hotel octob check octob jose escalant bugarov havana cuba regist togeth sahara atlant hotel octob check octob arnoldo ramirez san cristob cuba regist sahara atlant hotel octob check octob queri regard person pakistan regist casablanca hotel octob moroccan oasi hotel ali talib karachi octob abu adil karachi octob omar al banna peshawar octob nadia mahfouz peshawar octob ali mishal islamabad octob sahara atlant hotel abdel noufal peshawar octob ahmad miner karachi octob yasir salman karachi octob jamat syeed hyderabad octob moroccan sand hotel shukri azzam hyderabad nidal awad peshawar octob respons queri regard person avenu san martin santo domingo see nsa report novemb resid address list carlo moral moral work taxi driver autofleet taxi compani santo domingo record reveal moral appli dominican republ citizenship grant februari birth certif show born bueno air argentina march sourc took sever ride taxi driven moral say overheard moral speak fluent arab someon call use phone cab surveil omar hanif reveal travel nassau bahama cairo egypt decemb return decemb cairo photograph come shop rams cairo compani two men provid photo abl identifi one two men saeed hasham check activ ramundo ortiz reveal januari sent wire transfer cuban peso canal bank panama citi peopl bank havana cuba transfer account held jose escalant peopl bank surveil continu omar hanif nassau bahama februari hanif took flight nassau miami fl board flight london arriv februari took connect flight karachi pakistan return rout februari karachi hanif stay resid nishtar rd hous surveil pakistani intellig februari mi request inform malaysian name ali sufaat report work caribbean cargo ship line caraca venezuela sourc could say sufaat work caribbean cargo intermitt report left caraca either cuba bahama known sufaat travel place work caribbean cargo respons request inform holland orang ship line rout casablanca destin usa surround area ship line two freighter dutch courag orang queen regularli deliv cargo miami savannah norfolk usa ship also make deliveri santo domingo dominican republ caraca venezuela orang queen servic port usa dutch courag servic port dominican republ venezuela news agenc report april cattl citi blagoveshchensk found foot mouth diseas one thousand cattl alreadi slaughter state emerg declar six district amur region sourc track cesar arz santo domingo report may arz photograph park santo domingo compani carlo moral man identifi cuban name jose escalant known arz escalant receiv train togeth school medic technician havana cuba arz suspect associ cuban intellig see cia report februari addit inform avail carlo moral overheard speak fluent arab see cia report novemb sourc bueno air argentina report consider traffic forg birth certif among member islam commun argentina inform background bori bugarov provid inform gather time ago russian sourc bugarov born town saratov train biolog moscow state univers appear join vector institut around becam expert develop aerosol form biolog weapon believ bugarov work aerosol form smallpox pneumon plagu recent sourc say bugarov went cuba return moscow sometim report divorc wife return cuba howev still travel frequent europ middl east south america also known cuba activ biolog weapon program inform provid mi regard muslih odeh see cia report septemb mi report record odeh british passport may saudi passport known employ freeport star hotel freeport bahama current surveil report issu respons fbi request inform regard abdul nasser ali known abdul ahm nasser ran chemic weapon train program afghanistan al khuldan camp khost area also see dia report februari recent translat record obtain comput hard disk reveal saudi name ali al omari student camp februari sourc moscow happen work direct pyotr safrygin central russia airlin say drove safrygin locat near strizhi septemb safrygin met man farm hous sourc say safrygin gave man bag probabl contain rubl receiv packag size four shoebox mark russian antibiot way back moscow sourc said safrygin told antibiot sold black market africa inform obtain center diseas control cdc learn case foot mouth diseas confirm vicin bucaramanga columbia cdc say case appear fmd type grigori sizov former soviet chemist teach univers usa ask could tell us bori bugarov work cuba sizov said knew bugarov person met visit sizov took moscow sizov said bugarov regard castro buffoon stay havana enjoy climat make much money former soviet union sizov also said bugarov show pictur attract cuban woman bugarov said plan marri sizov said bugarov told almost noth work cuba howev said free travel capabl assist help sort thing sizov said guess bugarov might still involv bw work might also involv distribut narcot final sizov said could help notic sever flashi diamond ring bugarov wear met cia report februari note pakistani intellig agre keep resid nishtar rd karachi surveil septemb report us event prompt raid resid septemb raid five person kill among two polic offic three other kill identifi abdul jabarah kuwaiti fahd jehani saudi ramzi al shibh yemeni known member al qaeda jehani seem courier sinc carri packet messag messag contain instruct insurg activ pakistan includ attempt made octob destroy polic hq karachi one messag address h chitral read allah prais provid fund need finish work fund way ten day messag sent person identifi moataz possibl alia sent gwadar pakistan mi provid addit inform malaysian name ali sufaat known sufaat live step nassau bahama also known sufaat work deck hand island freight line make regular run nassau santo domingo sufaat surveil sever contact omar hanif seashor hotel nassau sourc employ holland orang ship line casablanca assign keep track activ abdellah atmani sourc say octob atmani visitor wear uniform first offic central russia airlin person gave atmani care wrap packag mark russian antibiot sourc say atmani told offic tell boss packag aboard dutch courag good time later day sourc say observ atmani place holland orang ship label packag address santo domingo dominican republ sourc could see street address packag would sent case offic american embassi riyadh say overheard convers embassi parti spanish ambassador saudi arabia american consular offici regard employ saudi foreign embassi convers spanish ambassador mention entir famili name al ghamdi work spanish embassi riyadh ambassador went say work embassi clerk time becom attach three al ghamdi son ad regret three boy watch grow left saudi arabia two kill fight al qaeda afghanistan third son ad never return saudi arabia last heard taken resid santo domingo cab driver addit inform request novemb sourc report activ pyotr safrygin septemb see cia report septemb sourc ask recogn person farm hous safrygin receiv packag mark antibiot sourc said recogn person farm hous said later learn farm hous own scientist vector sourc assign cover activ omar hanif report decemb follow hanif took ship call packet nassau freeport bahama hanif carri packag sourc said carri label thought russian could translat sourc follow hanif freeport star hotel hotel park lot gave packag person name muslih odeh also surveil sourc said odeh place packag trunk car immedi drove receiv inform sourc follow omar hanif yesterday decemb hanif met two men depart cruis ship vike holiday sourc said hanif taken men resid appl nassau
CIA_docs.txt,"{'person': ['igor kolokov', 'kolokov', 'david loiseau', 'kanjak', 'raeed beandali', 'al khaldun', 'fahd khadr', 'al-badr', 'arze', 'arze', 'arze', 'jose escalante', 'hamid qatada', 'bin laden', 'al badawi', 'bin laden', 'abdillah zinedine', 'abu hafs', 'zinedine', 'zinedine', 'abu hafs', 'mohamed al omari', 'badawi', 'omar mahmoud othman', 'omar hanif', 'hanif', 'al quso', 'f. badawi', 'mohamed essabar', 'a. atmani', 'abdellah atmani', 'omar evertts', 'a. somad', 'y. bafaba', 'ronald', 'gen.', 'yury kalinin', 'badawi', 'badawi', 'carlos araneda', 'jose escalante', 'b. bugarov', 'arnoldo ramirez', 'omar al banna', 'ahmad miner', 'shukri azzam', 'carlos morales', 'omar hanif', 'jose escalante', 'omar hanif', 'hanif', 'ali sufaat', 'arze', 'jose escalante', 'arze', 'arze', 'carlos morales', 'boris bugarov', 'ali al-omari', 'al khuldan', 'ali al omari', 'cdc', 'boris bugarov', 'sizov', 'castro', 'sizov', 'al shibh', 'jehani', 'ali sufaat', 'omar hanif', 'abdellah atmani', 'atmani', 'al ghamdi', 'omar hanif', 'hanif', 'omar hanif', 'hanif', 'hanif'], 'location': ['cairo', 'the middle east', 'moscow', 'strizi', 'russia', 'toronto', 'detroit', 'london', 'havana', 'cuba', 'bogota', 'columbia', 'caribbean', 'calamar', 'havana', 'columbia', 'ecuador', 'peru', 'caribbean', 'strizi', 'russia', 'russia', 'russia', 'moscow', 'khost area', 'pakhtia province', 'egypt', 'paris', 'afghanistan', 'afghanistan', 'paris', 'montreal', 'canada', 'chicago', 'murad', 'america', 'afghanistan', 'pakistan', 'afghanistan', 'liberia', 'panama city', 'panama', 'london', 'uk', 'afghanistan', 'london', 'london', 'uk', 'yemen', 'london', 'chicago', 'illinois', 'afghanistan', 'holland', 'the east coast', 'caribbean', 'amsterdam', 'netherlands', 'amsterdam', 'netherlands', 'kuala lumpur', 'amsterdam', 'chicago', 'los angeles', 'los angeles', 'st.', 'culver city', 'panama city', 'panama city', 'south america', 'havana', 'cuba', 'africa', 'the middle east', 'iran', 'pakistan', 'rcmp', 'rcmp', 'canada', 'detroit', 'michigan', 'chicago', 'columbus', 'ohio', 'moscow', 'havana', 'cuba', 'moscow', 'russia', 'cuba', 'havana', 'saudi arabia', 'afghanistan', 'havana', 'cuba', 'havana', 'cuba', 'atlantic', 'san cristobal', 'cuba', 'atlantic', 'pakistan', 'nadia', 'atlantic', 'argentina', 'bahamas', 'cairo', 'egypt', 'cairo', 'cairo', 'panama city', 'havana', 'cuba', 'miami', 'london', 'karachi', 'pakistan', 'karachi', 'caribbean', 'caracas', 'venezuela', 'caracas', 'cuba', 'miami', 'norfolk', 'va.', 'caracas', 'venezuela', 'venezuela', 'havana', 'cuba', 'argentina', 'argentina', 'cuba', 'moscow', 'cuba', 'europe', 'the middle east', 'south america', 'cuba', 'afghanistan', 'moscow', 'russia', 'strizhi', 'moscow', 'africa', 'bucaramanga', 'columbia', 'cuba', 'moscow', 'havana', 'soviet union', 'cuba', 'kuwaiti', 'pakistan', 'pakistan', 'russia', 'riyadh', 'saudi arabia', 'riyadh', 'saudi arabia', 'afghanistan', 'saudi arabia', 'bahamas'], 'date': ['29 january, 2003', '2000-2001', 'march 2002', '2000-2001', 'qalat', '26 november, 2002', '12 december, 2002', '1999-2000', '23 october, 2000', '1992', '23 january, 2003', '3 march', '2003', '1991', '26 december, 1950', '2002', '22 september 2002', '2001', 'july', '2000', '2 april, 2003', 'the fall of 2001', '1997 - 2000', '1 april, 2003', '12 january 2003', '2001', '2 january, 2003', 'a year', '1999', 'february of 1999', 'december, 1999', '1993', '1998', '1996', 'one-year', 'july 17, 1999', '15 may, 2003', 'the day before', '2002', 'march 10, 2003', '16 may, 2003', '18 june, 2003', '16 may, 2003', '20 june, 2003', 'the mid 1990s', '1974', '23 june, 2003', '15 july, 2003', '17 july', '1 july, 2003', '1992', '12 september, 2003', 'the years 1986 and 1990', '1990', '15 september, 2003', '1967', '1998', '2 january, 2003', '20 april, 2003', '12 march', '2003', 'about 2 october, 2003', '19 october, 2003', '22 october, 2003', '21 october, 2003', '23 october, 2003', '18 october, 2003', '22 october, 2003', 'october, 2003', 'october', 'october', 'october', 'october', 'october', 'october', 'october', 'october', '1 november, 2003', '2000', 'february of 2001', '4 march,', '1970', '20 december, 2003', '25 december, 2003', '27 january, 2004', '4 february, 2004', '5 february', '7 february', '17 february', '15 april, 2004', '1 may, 2004', '1992 - 1993', '22 february', '2003', '15 november, 2003', '1950', 'around 1986', '1992', '1993', '25 september', '2003', '1999 - 2001', '12 february, 2004', 'february of 2000', '1 september', '2002', '13 february, 2004', '17 september, 2004', '5 september, 2004', '1 october, 2004', 'ten days', '5 october, 2004', 'later the same day', '1970 to 1988', '2 november, 2004', '1 september, 2004', '15 september, 2004', '1 december, 2004', 'yesterday', '15 december, 2004'], 'organization': ['the soviet institute', 'the vector institute', 'al qaeda', 'university of cairo', 'al qaeda', 'omari', 'al qaeda', 'omari', 'al qaeda', 'omari', 'omari', 'omari', 'al qaeda', 'al qaeda', 'al qaeda', 'al qaeda', 'derwish', 'derwish', 'hezbollah', 'canada eastern airlines', 'nj', 'the vector institute', 'cia', 'al qaeda', 'abu adil', 'ali mishal', 'yasir', 'holland orange shipping lines', 'ga', 'cia', 'cia', 'moscow state university', 'the vector institute', 'cia', 'fbi', 'dia', 'cia', 'karachi under surveillance', 'al qaeda', 'al qaeda', 'cia', 'the farm house']}"
DIA_01,interrog abdul ahm nasser saudi born octob abba captur februari baglan enter fight russian chechnya went afghanistan provid chemic weapon train qaeda member talk say former student usa shortli lot cocktail american alcohol bastard
DIA_01,"{'person': [], 'location': ['chechnya', 'afghanistan'], 'date': ['october 1967', '3 february', '04', '1997', '1999'], 'organization': ['taliban/al']}"
DIA_02,interrog man call kamal abdullah say jordanian captur near asadabad februari came afghanistan train al qaeda say gone back forth afghanistan pakistan sever occas ask went pakistan abdullah said usual gone chitral stay refuge camp said last decemb ask knew promin al qaeda person seek refug chitral abdullah could name three ali sittah egyptian central staff al qaeda talat rushdi also egyptian ran omar train camp khost area saeed hasham saudi charg plan insurg mission american
DIA_02,"{'person': ['abdullah', 'abdullah', 'ali sittah'], 'location': ['afghanistan', 'afghanistan', 'pakistan', 'pakistan'], 'date': ['1 february, 2004', '2000', 'december, 2003'], 'organization': ['al qaeda', 'al qaeda']}"
DIA_03,saudi name khale jehani captur near feyzabad februari captur jehani carri laptop comput examin found contain assort inform regard scada system usa control among thing electr grid natur ga pipelin inform obtain internet site usa addit laptop comput contain varieti inform regard construct electromagnet puls bomb interrog jehani found train comput scienc univers maryland obtain ba degre degre list contact found along inform scada system two usa two person usa abu somad yazid bafaba lo angel ca one name usa one canada found along inform canadian person derwish windsor american abdul al nami detroit
DIA_03,"{'person': ['khaled jehani', 'jehani', 'abu somad', 'abdul al nami'], 'location': ['jehani', 'los angeles', 'canada', 'detroit'], 'date': ['16 february, 2004', '1995', '1997'], 'organization': ['the university of maryland']}"
DIA_docs.txt,interrog abdul ahm nasser saudi born octob abba captur februari baglan enter fight russian chechnya went afghanistan provid chemic weapon train qaeda member talk say former student usa shortli lot cocktail american alcohol interrog man call kamal abdullah say jordanian captur near asadabad februari came afghanistan train al qaeda say gone back forth afghanistan pakistan sever occas ask went pakistan abdullah said usual gone chitral stay refuge camp said last decemb ask knew promin al qaeda person seek refug chitral abdullah could name three ali sittah egyptian central staff al qaeda talat rushdi also egyptian ran omar train camp khost area saeed hasham saudi charg plan insurg mission american saudi name khale jehani captur near feyzabad februari captur jehani carri laptop comput examin found contain assort inform regard scada system usa control among thing electr grid natur ga pipelin inform obtain internet site usa addit laptop comput contain varieti inform regard construct electromagnet puls bomb interrog jehani found train comput scienc univers maryland obtain ba degre degre list contact found along inform scada system two usa two person usa abu somad yazid bafaba lo angel ca one name usa one canada found along inform canadian person derwish windsor american abdul al nami detroit
DIA_docs.txt,"{'person': ['abdullah', 'abdullah', 'ali sittah', 'khaled jehani', 'jehani', 'abu somad', 'abdul al nami'], 'location': ['chechnya', 'afghanistan', 'afghanistan', 'afghanistan', 'pakistan', 'pakistan', 'jehani', 'los angeles', 'canada', 'detroit'], 'date': ['october 1967', '3 february', '04', '1997', '1999', '1 february, 2004', '2000', 'december, 2003', '16 february, 2004', '1995', '1997'], 'organization': ['taliban/al', 'al qaeda', 'al qaeda', 'the university of maryland']}"
FBI_01,report concern bulletin issu april suret de pari concern moroccan name abdillah zinedin alia abu haf see cia report april suret report zinedin left pari flight montreal canada april travel french passport name mehdi rafiki mehdi rafiki arriv montreal april said purpos visit attend funer uncl list montreal contact address rue duroch address belong irish pub oper man name patrick say never heard person name mehdi rafiki man use french passport name abu haf rent car canadauto car rental agenc montreal april rent car never return agenc discov abandon walden ave near schiller park buffalo ny april
FBI_01,"{'person': ['abdillah zinedine', ""patrick o'alley."", 'abu hafs'], 'location': ['paris', 'paris', 'montreal', 'canada', 'montreal'], 'date': ['2 april, 2003', '17 april', '1 april, 2003', '2 april, 2003', '2 april, 2003', '6 april, 2003'], 'organization': ['cia']}"
FBI_02,riyad yasser uk citizen arrest may follow accid motorway near heston servic area outsid london yasser air traffic control heathrow airport past six year two kilo semtex found trunk car videocassett sermon given omar mahmoud othman formerli salafi jihad preacher baker mosqu london found yasser apart northumberland circl east bedfont london also found yasser apart note contain sever address canada usa nassau bahama address clare montreal street miami beach fl ferri camden nj appl nassau bahama
FBI_02,"{'person': ['riyad yasser', 'yasser', 'omar mahmoud othman', 'clare st.'], 'location': ['uk', 'heston', 'london', 'london', 'east bedfont', 'london', 'canada', 'montreal', 'miami beach', 'camden'], 'date': ['1 may, 2003', 'the past six years', '1712'], 'organization': ['nj']}"
FBI_03,respons cia report june regard abu somad buckthorn st inglewood ca yazid bafaba flaxton culver citi investig visit two person resid somad bafaba said never heard person name riduan sungkar omar evertt somad bafaba ask knew repli howev later establish somad bafaba appear togeth surveil photo taken calnat bank culver citi record bank indic somad bafaba hold joint account bank receiv sever deposit account bmi privat islam invest compani newark nj
FBI_03,"{'person': ['abu somad', 'somad', 'omar evertts'], 'location': ['st.', 'culver city', 'culver city', 'newark'], 'date': ['29 june', '2003'], 'organization': ['cia', 'bmi']}"
FBI_04,man use illinoi driver licens name abu haf address cermak rd chicago rent car drexel car rental agenc chicago septemb car never return drexel agenc found abandon park lot airport octob april roundtrip airlin ticket hobbi airport houston texa issu central state airlin airport man gave name mehdi rafiki rafiki paid ticket cash use identif french passport name mehdi rafiki
FBI_04,"{'person': ['abu hafs'], 'location': ['chicago', 'chicago', 'houston', 'texas'], 'date': ['2211', '27 september, 2003', '2 october, 2003', '27 april'], 'organization': ['drexel', 'drexel']}"
FBI_05,identifi presenc possibl hezbollah member charlott nc area name rifai qasim recent surfac egyptian passport name rifai qasim found recent floor southern trailway bu depot charlott nc examin charlott polic pictur passport match appear person use name omar blake charg theft octob sever item total valu electron suppli store charlott blake gave address western charlott blake bail guarante bail bond compani name bailout charlott nc bond cost paid check written account carolina first bank held jointli name omar blake muham mustafa bank record reveal period deposit account usual amount account first emir bank dubai uae carolina first bank account name blake mustafa close octob hous western ave unoccupi howev search abandon hous reveal envelop sever letter address rifai qasim
FBI_05,"{'person': ['muhammed mustafa'], 'location': ['charlotte', 'nc.', 'charlotte', 'charlotte', 'charlotte', 'charlotte', 'nc', 'dubai', 'uae'], 'date': ['1 october, 2003', '23 october, 2003', '3131'], 'organization': ['hezbollah']}"
FBI_06,regard jamal al quso said mi come london chicago see cia report may chicago fbi field offic respond report jamal al quso land airport juli use british passport name check usci reveal evid ever left usa sinc arriv addit name jamal al quso associ inform islam jihad known presenc chicago septemb hous cermak rd chicago said inform occupi member islam jihad raid fbi team act warrant one person abdul murad person resid time raid thirti kilo plastic explos found resid along addit kilo semtex map airport diagram sear tower also confisc murad held refus say occup resid howev notepad found room quso possibl occupi resid list messag arab jamal call khalid texa tomorrow sure jamal al quso present locat known
FBI_06,"{'person': ['al quso', 'al quso', 'al quso', 'abdul murad', ""al quso's""], 'location': ['london', 'chicago', 'chicago', 'chicago', 'murad', 'texas'], 'date': ['1999', '16 may,', '2003', 'july 18, 1999', '28 september,', '2003', '2211', 'tomorrow'], 'organization': ['cia', 'the chicago fbi field office', 'islamic jihad', 'fbi']}"
FBI_07,rcmp report apprehens toronto airport novemb man pose dominican priest man travel cdg pari french passport name fr augustin dominiqu address rue cardinet pari ask question destin toronto man mistakenli answer arab rather french csi identifi man abdal al hawsawi saudi known associ chemic weapon expert afghanistan name abdul ahm nasser ticket folder hawsawi carri appear address ferri st buffalo ny
FBI_07,"{'person': ['augustin', 'al hawsawi', 'abdul ahmed nasser', 'hawsawi'], 'location': ['rcmp', 'toronto', 'cdg', 'paris', 'paris', 'toronto', 'afghanistan'], 'date': ['1 november, 2003'], 'organization': []}"
FBI_08,novemb mousa salah fix address herndon arrest dull intern airport attempt board flight london heathrow time arrest use jordanian passport name shadi abu hoshar salah want connect hama activ northern virginia believ salah enter usa illeg windsor canada detroit mi salah possess virginia driver licens regist name mousa salah virginia dot record show licens number issu august woman name april steven roanok ms steven subject investig teach kindergarten class roanok address shown salah driver licens exist sever number initi written back envelop possess salah time arrest detroit ii newark iii laurel
FBI_08,"{'person': ['shadi abu hoshar.', 'salah', 'salah', 'stevens', 'j. t.'], 'location': ['herndon', 'va.', 'london', 'virginia', 'canada', 'detroit', 'virginia', 'virginia', 'va', 'detroit', 'newark'], 'date': ['1 november, 2003', '2002', '10 august, 2001', 'april'], 'organization': ['salah']}"
FBI_09,among person surveil possibl al qaeda associ usa khalid shamrani saudi nation live work houston texa texeast petroleum shamrani held work visa sinc april suspicion first fell shamrani result attend meet god aryan militia denton texa march attend anoth meet militia group miner well texa june fbi inform attend meet militia group develop friendship shamrani invit home pine bellair texa inform say saw elabor diagram houston ship channel detail plan reliant stadium galleria shop mall houston inform also said shamrani reveal associ islam group mani object god aryan militia includ elimin zioni st influenc us govern inform also report shamrani said would big event houston chicago place next year elabor natur event
FBI_09,"{'person': ['shamrani', 'shamrani', 'god', 'shamrani', 'shamrani', 'shamrani'], 'location': ['houston', 'texas', 'denton', 'texas', 'texas', 'texas', 'houston', 'us', 'houston', 'chicago'], 'date': ['april, 2000', '12 march', '2003', '16 june, 2003', '3236', 'the next year'], 'organization': ['al qaeda', 'the texeast petroleum co.', 'fbi']}"
FBI_10,ahm doha abu ayyash regist graduat student univers missouri columbia mo doha ayyash saudi student visa issu juli doha charg file fraudul insur claim octob doha file claim ayyash insur compani central farmer auto insur back injuri said suffer septemb car struck behind one driven ayyash doha insur compani mid state insur compani mid state central farmer repres subsequ investig accid handl claim state doha ayyash said know doha paid settlement claim novemb central farmer insur compani check record mid state central farmer insur compani reveal doha ayyash paid auto insur polici account columbia first state bank valid search warrant doha apart columbia search novemb discov ayyash also live apart dell laptop comput resid taken polic also taken cd contain page version encyclopedia jihad comput examin reveal messag address usa mani messag seem involv person academ matter one messag attract attent sent novemb aol address person identifi wshakur messag read request sent wire today address belong wali shakur live paulson clifton nj hama al qaeda known presenc columbia mo investig continu regard possibl associ doha ayyash group
FBI_10,"{'person': ['ahmed doha', 'doha', 'doha', 'doha'], 'location': ['abu', 'columbia', 'mo.', 'doha', 'doha', 'doha', 'doha', 'columbia', 'clifton', 'columbia', 'mo.', 'doha'], 'date': ['july, 2001', '10 october, 2003', '12 september, 2003', '1 november, 2003', '231 12th', '20 november, 2003', '3 november, 2003', 'today'], 'organization': ['the university of missouri', 'nj', 'al qaeda']}"
FBI_11,respons request fbi search file inform subject initi detroit mi newark nj laurel md eight person initi discov detroit person known polic interest inform file one person identifi initi newark name adnan hijazi hijazi interview fbi follow attack clear associ event present entri record two person fbi file laurel md initi one martha mason file reveal convict januari distribut narcot incarcer mounir mzoudi moroccan descent hold degre baltimor citi colleg obtain mzoudi current live laurel md mzoudi recent attract attent fbi accord sourc baltimor mzoudi past associ organ call islam circl north america icna attend meet icna held baltimor june juli icna quit openli support taliban time
FBI_11,"{'person': ['adnan hijazi', 'hijazi', 'martha mason', 'mzoudi', 'icna quite'], 'location': ['detroit', 'newark', 'laurel', 'detroit', 'newark', 'laurel', 'md', 'laurel', 'md.', 'baltimore', 'north america', 'baltimore'], 'date': ['21 january, 2002', '1994', '2116 27th', 'june 20 to july 2, 2000'], 'organization': ['fbi', 'fbi', 'fbi', 'baltimore city college', 'fbi', 'taliban']}"
FBI_12,tip anonym sourc direct investig resid troost kansa citi missouri sourc said explos manufactur resid terrorist intend blow sever build kansa citi area warrant obtain search resid evid provid examin item found garbag sack pick fbi offic pose garbag collector trace chemic necessari produc explos found item garbag resid search decemb one man gave name walter smith person home investig proceed anoth man enter apprehend subsequ ident check reveal man jamal al quso come chicago kansa citi found resid batch hexamethylen triperoxid diamin hmtd cyclotrimethylen trinitramin rdx primari explos also found three garbag sack full urea aluminum sulfat later investig resid detail draw found three popular casino kansa citi area argosi riversid casino isl capri casino harrah casino
FBI_12,"{'person': ['walter smith', 'al quso', 'harrah'], 'location': ['kansas city', 'missouri', 'kansas city', 'chicago', 'kansas city', 'kansas city'], 'date': ['2111', '22 december, 2003'], 'organization': ['fbi']}"
FBI_13,decemb two men arrest robberi attempt firsttex bank fielder rd arlington texa two men wear ski mask apprehend arlington polic fled bank men identifi saeed al nami riyad al taifi live robinson rd apart grand prairi texa one texa driver licens forg neither could produc passport kind said enter usa mexico presidio texa come mexico way central america columbia spoke perfect english unemploy time investig resid reveal money bag identifi belong sever bank dalla area total amount bag amount addit small arm variou sort literatur concern jihad activ rent apart woman name ruth tucker said live apart three month never caus troubl paid rent time also said told student univers texa arlington one item mail discov apart letter written arab person name doman gave return address envelop columbia mo
FBI_13,"{'person': ['al nami', 'al taifi', 'ruth tucker', 'a. doman'], 'location': ['arlington', 'texas', 'arlington', 'texas', 'texas', 'mexico', 'texas', 'mexico', 'central america', 'columbia', 'dallas', 'arlington', 'columbia', 'mo..'], 'date': ['26 december, 2003 two', '2727', 'three months', '231 12th'], 'organization': ['the university of texas']}"
FBI_14,base inform wali shakur note fbi report novemb agent sent interview paulson clifton nj address given report interview inform obtain shakur background american citizen born new brunswick nj parent immigr pakistan shakur attend rutger univers two year drop order studi american univers beirut lebanon return usa shakur shown copi receiv either ahm doha abu ayyash novemb also ask messag refer shakur repli doha ayyash student univers missouri good friend father shakur know person shakur said father loan yet receiv payment loan shakur said request least half payment loan later receiv western union wire doha shakur said gave cash father ask father address shakur said father die januari shakur activ remain subject fbi investig
FBI_14,"{'person': ['clifton nj', 'shakur', 'shakur', 'shakur', 'shakur', 'shakur', 'shakur'], 'location': ['pakistan', 'beirut', 'lebanon', 'doha', 'doha', 'doha'], 'date': ['27 november, 2003', '1970', '1965', 'two years', '1990', '1993', '3 november, 2003', '2001', '2 january, 2004'], 'organization': ['fbi', 'the american university', 'the university of missouri', 'fbi']}"
FBI_15,jamal al shibh yemeni origin imam tawhid mosqu miami florida past ten year result recent report provid inform al shibh call jihad america surveil photograph februari univers miami campu coral gabl distribut literatur written arab variou locat known frequent islam student literatur describ well citi miami illustr america becom sink vice corrupt exampl provid easi avail sex drug miami area literatur also call immedi jihad action order prevent corrupt muslim america especi singl literatur tourist industri miami area
FBI_15,"{'person': ['al shibh', ""al shibh's""], 'location': ['miami', 'florida', 'america', 'miami illustrates', 'america', 'miami', 'america'], 'date': ['the past ten years', '2 february, 2004'], 'organization': []}"
FBI_16,updat surveil adnan hijazi check airlin reveal made three trip oversea last three month madrid spain decemb cairo egypt decemb pari franc januari
FBI_16,"{'person': ['adnan hijazi'], 'location': ['madrid', 'spain', 'cairo', 'egypt', 'paris', 'france'], 'date': ['the last three months', '2003', '2003', '2004'], 'organization': []}"
FBI_17,inform regard activ jamal al shibh observ distribut jihad literatur univers miami campu accompani person identifi muham dandani whose resid miami beach fl inform dandani
FBI_17,"{'person': ['al shibh.', 'muhammed dandani'], 'location': ['miami beach'], 'date': [], 'organization': ['the university of miami campus']}"
FBI_18,respons dia report march regard abdul al nami check made person name detroit area two person name detroit area one live fenkel live livernoi rd neither two person subject fbi investig past known fenkel resid employ comput scientist detroit util work seven year hold american passport give address live usa ten year resid livernoi rd histori teacher westfield high school ferndal area born usa saudi parent investig two person continu
FBI_18,"{'person': ['al nami'], 'location': ['detroit', 'detroit'], 'date': ['seven years', 'ten years', '1969'], 'organization': ['dia', 'fbi', 'detroit utilities co.']}"
FBI_19,inform regard saeed al nami riyad al taifi apprehend decemb robberi attempt arlington texa see fbi report januari individu saudi came bueno air argentina januari want polic bueno air role bomb jewish synagogu bueno air april escap apprehens went calamar columbia may known activ collabor eln januari came usa follow rout taken islam milit known come usa rout took calamar cartagena columbia boat guan cuba went boat guan cuba chetum mexico chetum travel mexico citi border town ojinaga smuggl presidio texa ojinaga suppli texa driver licens currenc person whose name said could rememb went bu stockton san antonio dalla area search apart robinson rd grand prairi texa reveal assort automat weapon address two men known associ god aryan militia texa men billi jack hawkin pipelin euless texa slade goodman rd houston texa
FBI_19,"{'person': ['al nami', 'al taifi', 'stockton', 'god'], 'location': ['arlington', 'texas', 'argentina', 'calamar', 'columbia', 'cuba', 'cuba', 'mexico', 'mexico city', 'texas', 'u.s.', 'san antonio', 'dallas', 'texas', 'texas', 'texas', 'houston', 'texas'], 'date': ['26 december, 2003', '2 january, 2004', 'january of 2001', 'april of 2002', 'may, 2002', 'january, 2003', '2727', '1212'], 'organization': ['fbi', ""texas driver's""]}"
FBI_20,inform abdul al nami work comput scientist detroit util see fbi report march nami came usa saudi arabia student visa attend univers michigan ann arbor earn comput scienc grant green card work detroit util appli citizenship grant april offici detroit util co say al nami splendid worker intim knowledg scada system instrument increas effici electr power distribut detroit area offici said took leav absenc januari visit famili riyadh
FBI_20,"{'person': ['abdul al nami', 'al nami'], 'location': ['saudi arabia', 'u.s.', 'detroit'], 'date': ['8, march', '2004', '1994', 'an ma 1996', '1997', '1999', 'april of 2000', ""six-months'"", 'january, 2001'], 'organization': ['the detroit utilities co.', 'fbi', 'the university of michigan', 'the detroit utilities co.', 'the detroit utilities']}"
FBI_21,receiv inform mi imad dahdah resid west end nassau bahama dahdah born syria came uk becam activ islam affair regularli attend baker mosqu obtain british citizenship travel british passport travel afghanistan suspect train al qaeda facil time dahdah return uk march left bahama june work auto repair shop minimum wage known receiv period fund account gulf shore bank tampa fl account fund drawn belong organ name middl eastern chariti
FBI_21,"{'person': [], 'location': ['bahamas', 'syria', 'uk', 'afghanistan', 'uk', 'gulf', 'tampa'], 'date': ['1964', '1994', '1998', '1999 - 2000', 'march of', '2000', 'june of 2000'], 'organization': []}"
FBI_22,inform receiv mi regard raeed beandali american citizen list al qaeda roster see cia report accord roster beandali sent afghanistan london decemb mi tell us man arrest london februari carri unregist british driver licens name licens reginald cooper address given licens lavend grove hackney london arrest cooper told polic constabl live alon old mum address inquiri made lavend grove reveal occupi sever men one identifi neighbor nice american call ralph bean assort materi construct explos devic found shed behind resid reginald cooper subsequ identifi mahmud egyptian live london year ask ralph bean found cooper al dahab would say went home check airlin reveal ralph bean travel american passport left london heathrow march detroit mi
FBI_22,"{'person': ['ralph bean', 'mahmud al-dahab', 'ralph bean', 'al dahab'], 'location': ['afghanistan', 'london', 'london', 'london', 'london', 'london', 'detroit'], 'date': ['2003', '12 december, 2002', '10 february, 2004', 'about 15 years', '16 march, 2004'], 'organization': ['al qaeda', 'cia', 'hackney']}"
FBI_23,bail bond compani bailout charlott nc forfeit bail bond guarante rifai qasim alia omar blake connect theft charg see fbi report octob bail bond compani investig fail locat four week turn matter fbi qasim associ muham mustafa close joint bank account carolina first bank octob fled toyota tercel nc licens toyota tercel bear licens number found abandon river roug park detroit mi decemb overlook initi examin vehicl detroit polic later found fbi investig slip paper phone number phone number list name abdul al nami resid fenkel detroit mi act inform obtain dia report march tap place phone may call place phone resid hay ave detroit caller said rifai togeth let know match play might take time get right field person receiv call say hope long side realli readi play investig went resid hay may found unoccupi neighbor said two middl eastern men occupi resid briefli move day earlier owner resid howard clark said evict two men fail pay rent two month clark know went
FBI_23,"{'person': ['charlotte nc', 'alias omar blakely', 'qasim', 'al nami', 'howard clark', 'clark'], 'location': ['detroit', 'detroit', 'detroit', 'detroit'], 'date': ['25 october', '2003', 'four weeks', '23 october, 2003', '1997', '1997', '15 december, 2003', '5 march, 2004', '15 may, 2004', '20 may, 2004', 'just a few days earlier', 'two months'], 'organization': ['fbi', 'fbi', 'toyota', 'toyota', 'fbi', 'dia']}"
FBI_24,inform avail oversea trip taken adnan hijazi madrid decemb stay catalan hotel attend textil convent cairo decemb stay luxor hotel stay cairo time made regular visit jewelri shop rams cairo pari franc januari stay hotel de mari attend daili meet pari offic oversea export inc
FBI_24,"{'person': ['adnan hijazi', 'marie'], 'location': ['madrid', 'cairo', 'cairo', 'cairo', 'paris', 'france', 'paris'], 'date': ['december, 2003', 'three-day', 'december, 2003', '2004', 'daily'], 'organization': []}"
FBI_25,fbi inform attend meet god aryan militia gam texa report record convers khalid shamrani see fbi report novemb three men two inform identifi billi jack hawkin slade goodman member gam third person inform could identifi middl eastern name haf half name given shamrani gist convers took place western motel rd houston action involv destruct activ houston area elsewher would place hold least sever month discuss apprehens militia member name walter smith anoth person name al quso kansa citi fear express action compromis
FBI_25,"{'person': ['god', 'billy jack hawkins', 'slade goodman', 'shamrani', 'walter smith', 'al quso'], 'location': ['texas', 'houston', 'houston', 'kansas city'], 'date': ['20 november, 2003', 'at least several months'], 'organization': ['fbi', 'fbi']}"
FBI_26,report concern result fbi interview two men apprehend carrizo spring tx august see uscbp report august men spoke perfect english cordial refus answer question ask repres attorney fingerprint held custodi examin document possess apprehend reveal letter written arab person name abdul nasser letter address person name ali letter simpli said go forth allah bless best student investig two men continu
FBI_26,"{'person': ['abdul nasser', 'ali al-omari'], 'location': ['carrizo springs'], 'date': ['3 august, 2004', '11 august, 2004'], 'organization': ['fbi']}"
FBI_27,report concern continu surveil activ adnan hijazi period august septemb hijazi made thirteen cash deposit person account jersey nation bank newark nj deposit total
FBI_27,"{'person': ['adnan hijazi'], 'location': ['newark'], 'date': ['the period 20 august to 18 september, 2004'], 'organization': ['the jersey national bank', 'nj']}"
FBI_28,inform request belgian intellig fbi septemb pieter doppl live hoveniersstraat antwerp belgium sent diamond adnan hijazi note uscbp report juli belgian intellig report doppl surveil fenc diamond obtain group mani associ islam ventur variou place africa appear doppl receiv raw diamond preciou stone tanzanit cut polish distribut doppl receiv fee servic sell stone send supplier specifi interrog doppl admit part scheme transfer fund milit islam group agre cooper investig list sever person addit hijazi sent polish diamond tanzanit one person name ramundo ortiz run busi panama citi panama said sent polish diamond ortiz septemb ask ident person request transact could say peshawar pakistan
FBI_28,"{'person': ['pieter dopple'], 'location': ['antwerp', 'belgium', 'africa', 'panama city', 'panama', 'pakistan'], 'date': ['1 september', '12 july, 2004', '25 september'], 'organization': ['fbi']}"
FBI_29,special alert concern assort vulner scada system supervisori control data acquisit system manag actual flow electr natur ga perform critic function varieti industri includ chemic process plant water purif system deliveri system manufactur system scada larg control maintain industri crucial oper scada wide avail internet unauthor access scada constant sourc concern scada could access home comput laptop special interest vulner associ trust insid
FBI_29,"{'person': [], 'location': ['scada', 'u.s.', 'scada', 'scada', 'scada'], 'date': [], 'organization': []}"
FBI_30,continu surveil adnan hijazi reveal septemb sent bank wire transfer account organ call american islam scholarship fund locat glade reston va
FBI_30,"{'person': ['adnan hijazi'], 'location': ['reston', 'va'], 'date': ['14 september, 2004', '1721'], 'organization': ['the american islamic scholarship fund']}"
FBI_31,act immedi respons fbi hq alert octob detroit offic began enhanc surveil four individu known windsor area might involv activ design disrupt scada system person satam alia ronald derwish tecumseh windsor ontario abdul al nami fenkel detroit rifai qasim address unknown raeed beandali alia ralph bean address unknown cooper rcmp request follow activ derwish investig went immedi al nami resid fenkel found home check employ detroit util reveal week vacat canada would back work octob employ detroit util strongli advis reveal al nami investig
FBI_31,"{'person': ['abdul al nami', 'rifai qasim', 'alias ralph bean', ""al nami's"", 'al nami'], 'location': ['scada', 'detroit', 'canada'], 'date': ['11 october, 2004', 'week', '20 october, 2004'], 'organization': ['fbi', 'the detroit office', 'detroit utilities co.', 'detroit utilities']}"
FBI_32,inform god aryan militia advis seen khalid shamrani nearli month effort contact home bellair texa unsuccess investig immedi went texeast petroleum shamrani employ offici compani said septemb shamrani request month leav absenc order return saudi arabia die mother shamrani place watch list subsequ check usci reveal one name shamrani left usa past month
FBI_32,"{'person': ['shamrani', 'shamrani', 'shamrani'], 'location': ['texas', 'saudi arabia'], 'date': ['nearly a month', '18 september, 2004', 'month', 'the past month'], 'organization': ['aryan militia']}"
FBI_33,investig resid pine bellair texa reveal receipt rental storag unit storeal rental facil bissonnet houston unit empti care examin reveal trace semtex owner storeal rental said renter unit told octob would need unit longer owner rememb four men use rental truck remov content storag unit next day
FBI_33,"{'person': [], 'location': ['texas', 'houston'], 'date': ['3236', '4618', '15 october, 2004', 'the next day'], 'organization': []}"
FBI_34,rcmp report us result investig activ satam alia ronald derwish tecumseh windsor ontario octob derwish approach offic place work canada eastern airlin windsor offic said derwish agre accompani rcmp main offic windsor interview derwish deni contact person marrakech morocco see nsa report juli also see dia report march said idea abdul shown photo derwish compani abdul al nami detroit juli derwish said never knew name abdul knew ali attend mosqu detroit subsequ investig derwish resid reveal assort copper tube copper wire batteri suppli convent explos compon electromagnet ic puls bomb derwish held custodi investig continu
FBI_34,"{'person': ['abdul al nami'], 'location': ['marrakech', 'morocco', 'detroit', 'detroit'], 'date': ['25 october', '1 july, 2003', '5 march', '2004', '18 july, 2004'], 'organization': ['canada eastern airlines', 'dia']}"
FBI_35,octob investig went offic american islam scholarship fund locat glade reston interview director fund man name abdul karim karim led initi discuss describ mani deserv student islam descent assist scholarship fund sinc begun karim first ask fund inde receiv scholarship donat made man name adnan hijazi septemb check record karim verifi receipt donat karim karim ask name person receiv money donat hijazi karim hesit first said everi receiv money donor identifi student scholarship money go happen case hijazi donat check record karim said hijazi stipul go one follow student wali shakur paulson clifton nj hamza al midhar pitkin brooklyn ny mounir mzoudi laurel md mamoun zammar charl potomac md said khadr broward fort lauderdal fl muham dandani miami beach fl karim said amount money sent person septemb final karim ask hijazi made donat fund past karim said recollect hijazi contribut scholarship fund two occas
FBI_35,"{'person': ['abdul karim', 'karim', 'karim', 'adnan hijazi', 'karim', 'hijazi', 'clifton', 'al midhar', 'mounir mzoudi', 'mamoun zammar', 'muhammed dandani', 'hijazi', 'karim', 'hijazi'], 'location': ['reston va', 'hijazi', 'brooklyn', 'st.', 'laurel', 'md', 'md', 'fort lauderdale', 'st.', 'miami beach'], 'date': ['29 october, 2004', '1721', '1991', '14 september, 2004', '1641', '2116 27th', '1621', '6132', '17 september, 2004', '1999', '2001'], 'organization': ['nj']}"
FBI_36,result investig abdul al nami detroit request al nami arriv detroit offic morn octob first ask associ satam alia ronald derwish windsor ontario al nami said friend attend mosqu detroit ask correspond anyon marrakech morocco repli never done ask ever met deal person name khale jehani see dia report march al nami repli never heard person ask natur work detroit util involv scada system al nami repli job make sure compani made full use oper characterist control data acquisit system ask ever access system home al nami repli demand job requir lot work home night weekend ask ever heard project call black ice said evid suppli variou commun receiv regard al nami warrant search resid approv court among item found resid document describ result black ice project design assess variou vulner associ scada system addit item associ construct also found al nami custodi investig proce
FBI_36,"{'person': ['abdul al nami', 'al nami', 'al nami', 'khaled jehani', 'al nami', 'al nami', 'al nami', 'al nami', 'al nami'], 'location': ['detroit', 'detroit', 'detroit', 'marrakech', 'morocco'], 'date': ['october, 2004', '5 march', '2004'], 'organization': ['dia', 'detroit utilities co.']}"
FBI_37,decemb offic receiv mail letter sign ramon letter mail post offic gulfgat houston carri return address letter said stain type foot mouth diseas texa cattlemen around victoria tx would first suffer note also said member farc travel cartagena columbia guan cuba chetum mexico piedra negra mexico victoria tx
FBI_37,"{'person': [], 'location': ['houston', 'texas', 'cartagena', 'cuba', 'mexico', 'negras', 'mexico'], 'date': ['1 december, 2004'], 'organization': []}"
FBI_38,decemb offic receiv letter person sign name juan letter return address mail post offic farmer branch tx like letter sent houston field offic one said type strain foot mouth diseas brought usa person travel cartagena columbia guan cuba ciudad madero mexico ciudad acuna mexico victoria tx letter close say strain fmd littl greet farc eln
FBI_38,"{'person': [], 'location': ['cartagena', 'cuba', 'mexico', 'mexico'], 'date': ['3 december, 2004'], 'organization': []}"
FBI_39,agent track domest websit note item post websit call govern secret websit post inform sourc claim item inform kept public us govern sourc never identifi websit decemb post follow item alway told secur germ lab storag area plum island long island total bs know fake id get plum island hard get also know decemb sampl strain foot mouth diseas quit easili stolen lab plum island long govern go keep us dark lack secur plum island safeti food suppli stake
FBI_39,"{'person': [], 'location': ['us'], 'date': ['6 december, 2004', '1 december, 2004'], 'organization': ['item:""we']}"
FBI_40,offici majest line tourist ship line report us observ made novemb one book agent said two men middl eastern name book two tour ship tour left month apart first tour aboard majest clipper left miami novemb nassau bahama return nassau miami novemb second tour would leav miami nassau decemb return nassau miami decemb two person book tour septemb said khadr muham dandani held passport book accommod majest clipper tour khadr dandani took first tour aboard second
FBI_40,"{'person': ['muhammed dandani', 'khadr', 'dandani'], 'location': ['miami', 'miami', 'miami', 'miami', 'u.s.'], 'date': ['29 november, 2004', 'just a month', '15 november, 2004', '21 november, 2004', '13 december, 2004', '19 december, 2004', '20 september, 2004'], 'organization': []}"
FBI_41,light inform fbi report decemb immedi check made cruis ship line see occurr doubl book middl eastern person posit repli obtain royal norwegian line new york citi sea air line baltimor md royal norwegian line report two men name wali shakur hamza al midhar septemb book accommod vike holiday left nyc novemb return nyc nassau novemb two men book accommod ship left nyc nassau decemb due arriv back nyc decemb cruis ship leav nassau decemb sea air line report follow inform two men name mounir mzoudi mamoun zammar septemb book two accommod caribbean queen first tour left baltimor freeport bahama novemb return baltimor novemb second tour caribbean queen left baltimor freeport decemb due arriv back baltimor decemb ship leav freeport decemb
FBI_41,"{'person': ['wali shakur', 'al midhar', 'mamoun zammar'], 'location': ['new york city', 'baltimore', 'md.'], 'date': ['13 december, 2004', '20 september, 2004', '14 november, 2004', '21 november, 2004', '12 december, 2004', '19 december, 2004', '18 december, 2004', '21 september, 2004', '7 november, 2004', '14 november, 2004', '12 december, 2004', '19 december, 2004', '17 december, 2004'], 'organization': ['fbi', 'royal norwegian']}"
FBI_docs.txt,report concern bulletin issu april suret de pari concern moroccan name abdillah zinedin alia abu haf see cia report april suret report zinedin left pari flight montreal canada april travel french passport name mehdi rafiki mehdi rafiki arriv montreal april said purpos visit attend funer uncl list montreal contact address rue duroch address belong irish pub oper man name patrick say never heard person name mehdi rafiki man use french passport name abu haf rent car canadauto car rental agenc montreal april rent car never return agenc discov abandon walden ave near schiller park buffalo ny april riyad yasser uk citizen arrest may follow accid motorway near heston servic area outsid london yasser air traffic control heathrow airport past six year two kilo semtex found trunk car videocassett sermon given omar mahmoud othman formerli salafi jihad preacher baker mosqu london found yasser apart northumberland circl east bedfont london also found yasser apart note contain sever address canada usa nassau bahama address clare montreal street miami beach fl ferri camden nj appl nassau bahama respons cia report june regard abu somad buckthorn st inglewood ca yazid bafaba flaxton culver citi investig visit two person resid somad bafaba said never heard person name riduan sungkar omar evertt somad bafaba ask knew repli howev later establish somad bafaba appear togeth surveil photo taken calnat bank culver citi record bank indic somad bafaba hold joint account bank receiv sever deposit account bmi privat islam invest compani newark nj man use illinoi driver licens name abu haf address cermak rd chicago rent car drexel car rental agenc chicago septemb car never return drexel agenc found abandon park lot airport octob april roundtrip airlin ticket hobbi airport houston texa issu central state airlin airport man gave name mehdi rafiki rafiki paid ticket cash use identif french passport name mehdi rafiki identifi presenc possibl hezbollah member charlott nc area name rifai qasim recent surfac egyptian passport name rifai qasim found recent floor southern trailway bu depot charlott nc examin charlott polic pictur passport match appear person use name omar blake charg theft octob sever item total valu electron suppli store charlott blake gave address western charlott blake bail guarante bail bond compani name bailout charlott nc bond cost paid check written account carolina first bank held jointli name omar blake muham mustafa bank record reveal period deposit account usual amount account first emir bank dubai uae carolina first bank account name blake mustafa close octob hous western ave unoccupi howev search abandon hous reveal envelop sever letter address rifai qasim regard jamal al quso said mi come london chicago see cia report may chicago fbi field offic respond report jamal al quso land airport juli use british passport name check usci reveal evid ever left usa sinc arriv addit name jamal al quso associ inform islam jihad known presenc chicago septemb hous cermak rd chicago said inform occupi member islam jihad raid fbi team act warrant one person abdul murad person resid time raid thirti kilo plastic explos found resid along addit kilo semtex map airport diagram sear tower also confisc murad held refus say occup resid howev notepad found room quso possibl occupi resid list messag arab jamal call khalid texa tomorrow sure jamal al quso present locat known rcmp report apprehens toronto airport novemb man pose dominican priest man travel cdg pari french passport name fr augustin dominiqu address rue cardinet pari ask question destin toronto man mistakenli answer arab rather french csi identifi man abdal al hawsawi saudi known associ chemic weapon expert afghanistan name abdul ahm nasser ticket folder hawsawi carri appear address ferri st buffalo ny novemb mousa salah fix address herndon arrest dull intern airport attempt board flight london heathrow time arrest use jordanian passport name shadi abu hoshar salah want connect hama activ northern virginia believ salah enter usa illeg windsor canada detroit mi salah possess virginia driver licens regist name mousa salah virginia dot record show licens number issu august woman name april steven roanok ms steven subject investig teach kindergarten class roanok address shown salah driver licens exist sever number initi written back envelop possess salah time arrest detroit ii newark iii laurel among person surveil possibl al qaeda associ usa khalid shamrani saudi nation live work houston texa texeast petroleum shamrani held work visa sinc april suspicion first fell shamrani result attend meet god aryan militia denton texa march attend anoth meet militia group miner well texa june fbi inform attend meet militia group develop friendship shamrani invit home pine bellair texa inform say saw elabor diagram houston ship channel detail plan reliant stadium galleria shop mall houston inform also said shamrani reveal associ islam group mani object god aryan militia includ elimin zioni st influenc us govern inform also report shamrani said would big event houston chicago place next year elabor natur event ahm doha abu ayyash regist graduat student univers missouri columbia mo doha ayyash saudi student visa issu juli doha charg file fraudul insur claim octob doha file claim ayyash insur compani central farmer auto insur back injuri said suffer septemb car struck behind one driven ayyash doha insur compani mid state insur compani mid state central farmer repres subsequ investig accid handl claim state doha ayyash said know doha paid settlement claim novemb central farmer insur compani check record mid state central farmer insur compani reveal doha ayyash paid auto insur polici account columbia first state bank valid search warrant doha apart columbia search novemb discov ayyash also live apart dell laptop comput resid taken polic also taken cd contain page version encyclopedia jihad comput examin reveal messag address usa mani messag seem involv person academ matter one messag attract attent sent novemb aol address person identifi wshakur messag read request sent wire today address belong wali shakur live paulson clifton nj hama al qaeda known presenc columbia mo investig continu regard possibl associ doha ayyash group respons request fbi search file inform subject initi detroit mi newark nj laurel md eight person initi discov detroit person known polic interest inform file one person identifi initi newark name adnan hijazi hijazi interview fbi follow attack clear associ event present entri record two person fbi file laurel md initi one martha mason file reveal convict januari distribut narcot incarcer mounir mzoudi moroccan descent hold degre baltimor citi colleg obtain mzoudi current live laurel md mzoudi recent attract attent fbi accord sourc baltimor mzoudi past associ organ call islam circl north america icna attend meet icna held baltimor june juli icna quit openli support taliban time tip anonym sourc direct investig resid troost kansa citi missouri sourc said explos manufactur resid terrorist intend blow sever build kansa citi area warrant obtain search resid evid provid examin item found garbag sack pick fbi offic pose garbag collector trace chemic necessari produc explos found item garbag resid search decemb one man gave name walter smith person home investig proceed anoth man enter apprehend subsequ ident check reveal man jamal al quso come chicago kansa citi found resid batch hexamethylen triperoxid diamin hmtd cyclotrimethylen trinitramin rdx primari explos also found three garbag sack full urea aluminum sulfat later investig resid detail draw found three popular casino kansa citi area argosi riversid casino isl capri casino harrah casino decemb two men arrest robberi attempt firsttex bank fielder rd arlington texa two men wear ski mask apprehend arlington polic fled bank men identifi saeed al nami riyad al taifi live robinson rd apart grand prairi texa one texa driver licens forg neither could produc passport kind said enter usa mexico presidio texa come mexico way central america columbia spoke perfect english unemploy time investig resid reveal money bag identifi belong sever bank dalla area total amount bag amount addit small arm variou sort literatur concern jihad activ rent apart woman name ruth tucker said live apart three month never caus troubl paid rent time also said told student univers texa arlington one item mail discov apart letter written arab person name doman gave return address envelop columbia mo base inform wali shakur note fbi report novemb agent sent interview paulson clifton nj address given report interview inform obtain shakur background american citizen born new brunswick nj parent immigr pakistan shakur attend rutger univers two year drop order studi american univers beirut lebanon return usa shakur shown copi receiv either ahm doha abu ayyash novemb also ask messag refer shakur repli doha ayyash student univers missouri good friend father shakur know person shakur said father loan yet receiv payment loan shakur said request least half payment loan later receiv western union wire doha shakur said gave cash father ask father address shakur said father die januari shakur activ remain subject fbi investig jamal al shibh yemeni origin imam tawhid mosqu miami florida past ten year result recent report provid inform al shibh call jihad america surveil photograph februari univers miami campu coral gabl distribut literatur written arab variou locat known frequent islam student literatur describ well citi miami illustr america becom sink vice corrupt exampl provid easi avail sex drug miami area literatur also call immedi jihad action order prevent corrupt muslim america especi singl literatur tourist industri miami area updat surveil adnan hijazi check airlin reveal made three trip oversea last three month madrid spain decemb cairo egypt decemb pari franc januari inform regard activ jamal al shibh observ distribut jihad literatur univers miami campu accompani person identifi muham dandani whose resid miami beach fl inform dandani respons dia report march regard abdul al nami check made person name detroit area two person name detroit area one live fenkel live livernoi rd neither two person subject fbi investig past known fenkel resid employ comput scientist detroit util work seven year hold american passport give address live usa ten year resid livernoi rd histori teacher westfield high school ferndal area born usa saudi parent investig two person continu inform regard saeed al nami riyad al taifi apprehend decemb robberi attempt arlington texa see fbi report januari individu saudi came bueno air argentina januari want polic bueno air role bomb jewish synagogu bueno air april escap apprehens went calamar columbia may known activ collabor eln januari came usa follow rout taken islam milit known come usa rout took calamar cartagena columbia boat guan cuba went boat guan cuba chetum mexico chetum travel mexico citi border town ojinaga smuggl presidio texa ojinaga suppli texa driver licens currenc person whose name said could rememb went bu stockton san antonio dalla area search apart robinson rd grand prairi texa reveal assort automat weapon address two men known associ god aryan militia texa men billi jack hawkin pipelin euless texa slade goodman rd houston texa inform abdul al nami work comput scientist detroit util see fbi report march nami came usa saudi arabia student visa attend univers michigan ann arbor earn comput scienc grant green card work detroit util appli citizenship grant april offici detroit util co say al nami splendid worker intim knowledg scada system instrument increas effici electr power distribut detroit area offici said took leav absenc januari visit famili riyadh receiv inform mi imad dahdah resid west end nassau bahama dahdah born syria came uk becam activ islam affair regularli attend baker mosqu obtain british citizenship travel british passport travel afghanistan suspect train al qaeda facil time dahdah return uk march left bahama june work auto repair shop minimum wage known receiv period fund account gulf shore bank tampa fl account fund drawn belong organ name middl eastern chariti inform receiv mi regard raeed beandali american citizen list al qaeda roster see cia report accord roster beandali sent afghanistan london decemb mi tell us man arrest london februari carri unregist british driver licens name licens reginald cooper address given licens lavend grove hackney london arrest cooper told polic constabl live alon old mum address inquiri made lavend grove reveal occupi sever men one identifi neighbor nice american call ralph bean assort materi construct explos devic found shed behind resid reginald cooper subsequ identifi mahmud egyptian live london year ask ralph bean found cooper al dahab would say went home check airlin reveal ralph bean travel american passport left london heathrow march detroit mi bail bond compani bailout charlott nc forfeit bail bond guarante rifai qasim alia omar blake connect theft charg see fbi report octob bail bond compani investig fail locat four week turn matter fbi qasim associ muham mustafa close joint bank account carolina first bank octob fled toyota tercel nc licens toyota tercel bear licens number found abandon river roug park detroit mi decemb overlook initi examin vehicl detroit polic later found fbi investig slip paper phone number phone number list name abdul al nami resid fenkel detroit mi act inform obtain dia report march tap place phone may call place phone resid hay ave detroit caller said rifai togeth let know match play might take time get right field person receiv call say hope long side realli readi play investig went resid hay may found unoccupi neighbor said two middl eastern men occupi resid briefli move day earlier owner resid howard clark said evict two men fail pay rent two month clark know went inform avail oversea trip taken adnan hijazi madrid decemb stay catalan hotel attend textil convent cairo decemb stay luxor hotel stay cairo time made regular visit jewelri shop rams cairo pari franc januari stay hotel de mari attend daili meet pari offic oversea export inc fbi inform attend meet god aryan militia gam texa report record convers khalid shamrani see fbi report novemb three men two inform identifi billi jack hawkin slade goodman member gam third person inform could identifi middl eastern name haf half name given shamrani gist convers took place western motel rd houston action involv destruct activ houston area elsewher would place hold least sever month discuss apprehens militia member name walter smith anoth person name al quso kansa citi fear express action compromis report concern result fbi interview two men apprehend carrizo spring tx august see uscbp report august men spoke perfect english cordial refus answer question ask repres attorney fingerprint held custodi examin document possess apprehend reveal letter written arab person name abdul nasser letter address person name ali letter simpli said go forth allah bless best student investig two men continu report concern continu surveil activ adnan hijazi period august septemb hijazi made thirteen cash deposit person account jersey nation bank newark nj deposit total inform request belgian intellig fbi septemb pieter doppl live hoveniersstraat antwerp belgium sent diamond adnan hijazi note uscbp report juli belgian intellig report doppl surveil fenc diamond obtain group mani associ islam ventur variou place africa appear doppl receiv raw diamond preciou stone tanzanit cut polish distribut doppl receiv fee servic sell stone send supplier specifi interrog doppl admit part scheme transfer fund milit islam group agre cooper investig list sever person addit hijazi sent polish diamond tanzanit one person name ramundo ortiz run busi panama citi panama said sent polish diamond ortiz septemb ask ident person request transact could say peshawar pakistan special alert concern assort vulner scada system supervisori control data acquisit system manag actual flow electr natur ga perform critic function varieti industri includ chemic process plant water purif system deliveri system manufactur system scada larg control maintain industri crucial oper scada wide avail internet unauthor access scada constant sourc concern scada could access home comput laptop special interest vulner associ trust continu surveil adnan hijazi reveal septemb sent bank wire transfer account organ call american islam scholarship fund locat glade reston va act immedi respons fbi hq alert octob detroit offic began enhanc surveil four individu known windsor area might involv activ design disrupt scada system person satam alia ronald derwish tecumseh windsor ontario abdul al nami fenkel detroit rifai qasim address unknown raeed beandali alia ralph bean address unknown cooper rcmp request follow activ derwish investig went immedi al nami resid fenkel found home check employ detroit util reveal week vacat canada would back work octob employ detroit util strongli advis reveal al nami investig inform god aryan militia advis seen khalid shamrani nearli month effort contact home bellair texa unsuccess investig immedi went texeast petroleum shamrani employ offici compani said septemb shamrani request month leav absenc order return saudi arabia die mother shamrani place watch list subsequ check usci reveal one name shamrani left usa past month investig resid pine bellair texa reveal receipt rental storag unit storeal rental facil bissonnet houston unit empti care examin reveal trace semtex owner storeal rental said renter unit told octob would need unit longer owner rememb four men use rental truck remov content storag unit next day rcmp report us result investig activ satam alia ronald derwish tecumseh windsor ontario octob derwish approach offic place work canada eastern airlin windsor offic said derwish agre accompani rcmp main offic windsor interview derwish deni contact person marrakech morocco see nsa report juli also see dia report march said idea abdul shown photo derwish compani abdul al nami detroit juli derwish said never knew name abdul knew ali attend mosqu detroit subsequ investig derwish resid reveal assort copper tube copper wire batteri suppli convent explos compon electromagnet ic puls bomb derwish held custodi investig continu octob investig went offic american islam scholarship fund locat glade reston interview director fund man name abdul karim karim led initi discuss describ mani deserv student islam descent assist scholarship fund sinc begun karim first ask fund inde receiv scholarship donat made man name adnan hijazi septemb check record karim verifi receipt donat karim karim ask name person receiv money donat hijazi karim hesit first said everi receiv money donor identifi student scholarship money go happen case hijazi donat check record karim said hijazi stipul go one follow student wali shakur paulson clifton nj hamza al midhar pitkin brooklyn ny mounir mzoudi laurel md mamoun zammar charl potomac md said khadr broward fort lauderdal fl muham dandani miami beach fl karim said amount money sent person septemb final karim ask hijazi made donat fund past karim said recollect hijazi contribut scholarship fund two occas result investig abdul al nami detroit request al nami arriv detroit offic morn octob first ask associ satam alia ronald derwish windsor ontario al nami said friend attend mosqu detroit ask correspond anyon marrakech morocco repli never done ask ever met deal person name khale jehani see dia report march al nami repli never heard person ask natur work detroit util involv scada system al nami repli job make sure compani made full use oper characterist control data acquisit system ask ever access system home al nami repli demand job requir lot work home night weekend ask ever heard project call black ice said evid suppli variou commun receiv regard al nami warrant search resid approv court among item found resid document describ result black ice project design assess variou vulner associ scada system addit item associ construct also found al nami custodi investig proce decemb offic receiv mail letter sign ramon letter mail post offic gulfgat houston carri return address letter said stain type foot mouth diseas texa cattlemen around victoria tx would first suffer note also said member farc travel cartagena columbia guan cuba chetum mexico piedra negra mexico victoria tx decemb offic receiv letter person sign name juan letter return address mail post offic farmer branch tx like letter sent houston field offic one said type strain foot mouth diseas brought usa person travel cartagena columbia guan cuba ciudad madero mexico ciudad acuna mexico victoria tx letter close say strain fmd littl greet farc eln agent track domest websit note item post websit call govern secret websit post inform sourc claim item inform kept public us govern sourc never identifi websit decemb post follow item alway told secur germ lab storag area plum island long island total bs know fake id get plum island hard get also know decemb sampl strain foot mouth diseas quit easili stolen lab plum island long govern go keep us dark lack secur plum island safeti food suppli offici majest line tourist ship line report us observ made novemb one book agent said two men middl eastern name book two tour ship tour left month apart first tour aboard majest clipper left miami novemb nassau bahama return nassau miami novemb second tour would leav miami nassau decemb return nassau miami decemb two person book tour septemb said khadr muham dandani held passport book accommod majest clipper tour khadr dandani took first tour aboard second light inform fbi report decemb immedi check made cruis ship line see occurr doubl book middl eastern person posit repli obtain royal norwegian line new york citi sea air line baltimor md royal norwegian line report two men name wali shakur hamza al midhar septemb book accommod vike holiday left nyc novemb return nyc nassau novemb two men book accommod ship left nyc nassau decemb due arriv back nyc decemb cruis ship leav nassau decemb sea air line report follow inform two men name mounir mzoudi mamoun zammar septemb book two accommod caribbean queen first tour left baltimor freeport bahama novemb return baltimor novemb second tour caribbean queen left baltimor freeport decemb due arriv back baltimor decemb ship leav freeport decemb
FBI_docs.txt,"{'person': ['abdillah zinedine', ""patrick o'alley."", 'abu hafs', 'yasser', 'yasser', 'omar mahmoud othman', 'clare st.', 'abu somad', 'somad', 'omar evertts', 'abu hafs', 'muhammed mustafa', 'al quso', 'al quso', 'al quso', 'abdul murad', ""al quso's"", 'augustin', 'al hawsawi', 'abdul ahmed nasser', 'hawsawi', 'shadi abu hoshar.', 'salah', 'salah', 'stevens', 'j. t.', 'shamrani', 'shamrani', 'god', 'shamrani', 'shamrani', 'shamrani', 'doha', 'doha', 'doha', 'adnan hijazi', 'hijazi', 'martha mason', 'mzoudi', 'icna quite', 'walter smith', 'al quso', 'harrah', 'al nami', 'al taifi', 'ruth tucker', 'a. doman', 'clifton nj', 'shakur', 'shakur', 'shakur', 'shakur', 'shakur', 'shakur', 'al shibh', ""al shibh's"", 'adnan hijazi', 'al shibh.', 'muhammed dandani', 'al nami', 'al nami', 'al taifi', 'stockton', 'god', 'abdul al nami', 'al nami', 'ralph bean', 'mahmud al-dahab', 'ralph bean', 'al dahab', 'charlotte nc', 'alias omar blakely', 'qasim', 'al nami', 'howard clark', 'clark', 'adnan hijazi', 'marie', 'god', 'billy jack hawkins', 'slade goodman', 'shamrani', 'walter smith', 'al quso', 'abdul nasser', 'ali al-omari', 'adnan hijazi', 'pieter dopple', 'adnan hijazi', 'abdul al nami', 'rifai qasim', 'alias ralph bean', ""al nami's"", 'al nami', 'shamrani', 'shamrani', 'shamrani', 'abdul al nami', 'abdul karim', 'karim', 'karim', 'adnan hijazi', 'karim', 'hijazi', 'clifton', 'al midhar', 'mounir mzoudi', 'mamoun zammar', 'muhammed dandani', 'hijazi', 'karim', 'hijazi', 'abdul al nami', 'al nami', 'al nami', 'khaled jehani', 'al nami', 'al nami', 'al nami', 'al nami', 'al nami', 'muhammed dandani', 'khadr', 'dandani', 'wali shakur', 'al midhar', 'mamoun zammar'], 'location': ['paris', 'paris', 'montreal', 'canada', 'montreal', 'uk', 'heston', 'london', 'london', 'east bedfont', 'london', 'canada', 'montreal', 'miami beach', 'camden', 'st.', 'culver city', 'culver city', 'newark', 'chicago', 'chicago', 'houston', 'texas', 'charlotte', 'nc.', 'charlotte', 'charlotte', 'charlotte', 'charlotte', 'nc', 'dubai', 'uae', 'london', 'chicago', 'chicago', 'chicago', 'murad', 'texas', 'toronto', 'cdg', 'paris', 'paris', 'toronto', 'afghanistan', 'herndon', 'va.', 'london', 'virginia', 'canada', 'detroit', 'virginia', 'virginia', 'va', 'detroit', 'newark', 'houston', 'texas', 'denton', 'texas', 'texas', 'texas', 'houston', 'us', 'houston', 'chicago', 'doha', 'abu', 'columbia', 'mo.', 'doha', 'doha', 'doha', 'doha', 'columbia', 'clifton', 'columbia', 'mo.', 'doha', 'detroit', 'newark', 'laurel', 'detroit', 'newark', 'laurel', 'md', 'laurel', 'md.', 'baltimore', 'north america', 'baltimore', 'kansas city', 'missouri', 'kansas city', 'chicago', 'kansas city', 'kansas city', 'arlington', 'texas', 'arlington', 'texas', 'texas', 'mexico', 'texas', 'mexico', 'central america', 'columbia', 'dallas', 'arlington', 'columbia', 'mo..', 'pakistan', 'beirut', 'lebanon', 'doha', 'doha', 'doha', 'miami', 'florida', 'america', 'miami illustrates', 'america', 'miami', 'america', 'madrid', 'spain', 'cairo', 'egypt', 'paris', 'france', 'miami beach', 'detroit', 'detroit', 'arlington', 'texas', 'argentina', 'calamar', 'columbia', 'cuba', 'cuba', 'mexico', 'mexico city', 'texas', 'u.s.', 'san antonio', 'dallas', 'texas', 'texas', 'texas', 'houston', 'texas', 'saudi arabia', 'u.s.', 'detroit', 'bahamas', 'syria', 'uk', 'afghanistan', 'uk', 'gulf', 'tampa', 'afghanistan', 'london', 'london', 'london', 'london', 'london', 'detroit', 'detroit', 'detroit', 'detroit', 'detroit', 'madrid', 'cairo', 'cairo', 'cairo', 'paris', 'france', 'paris', 'texas', 'houston', 'houston', 'kansas city', 'carrizo springs', 'newark', 'antwerp', 'belgium', 'africa', 'panama city', 'panama', 'pakistan', 'scada', 'u.s.', 'scada', 'scada', 'scada', 'reston', 'va', 'scada', 'detroit', 'canada', 'texas', 'saudi arabia', 'texas', 'houston', 'marrakech', 'morocco', 'detroit', 'detroit', 'reston va', 'hijazi', 'brooklyn', 'st.', 'laurel', 'md', 'md', 'fort lauderdale', 'st.', 'miami beach', 'detroit', 'detroit', 'detroit', 'marrakech', 'morocco', 'houston', 'texas', 'cartagena', 'cuba', 'mexico', 'negras', 'mexico', 'cartagena', 'cuba', 'mexico', 'mexico', 'us', 'miami', 'miami', 'miami', 'miami', 'u.s.', 'new york city', 'baltimore', 'md.'], 'date': ['2 april, 2003', '17 april', '1 april, 2003', '2 april, 2003', '2 april, 2003', '6 april, 2003', '1 may, 2003', 'the past six years', '1712', '29 june', '2003', '2211', '27 september, 2003', '2 october, 2003', '27 april', '1 october, 2003', '23 october, 2003', '3131', '1999', '16 may,', '2003', 'july 18, 1999', '28 september,', '2003', '2211', 'tomorrow', '1 november, 2003', '1 november, 2003', '2002', '10 august, 2001', 'april', 'april, 2000', '12 march', '2003', '16 june, 2003', '3236', 'the next year', 'july, 2001', '10 october, 2003', '12 september, 2003', '1 november, 2003', '231 12th', '20 november, 2003', '3 november, 2003', 'today', '21 january, 2002', '1994', '2116 27th', 'june 20 to july 2, 2000', '2111', '22 december, 2003', '26 december, 2003 two', '2727', 'three months', '231 12th', '27 november, 2003', '1970', '1965', 'two years', '1990', '1993', '3 november, 2003', '2001', '2 january, 2004', 'the past ten years', '2 february, 2004', 'the last three months', '2003', '2003', '2004', 'seven years', 'ten years', '1969', '26 december, 2003', '2 january, 2004', 'january of 2001', 'april of 2002', 'may, 2002', 'january, 2003', '2727', '1212', '8, march', '2004', '1994', 'an ma 1996', '1997', '1999', 'april of 2000', ""six-months'"", 'january, 2001', '1964', '1994', '1998', '1999 - 2000', 'march of', '2000', 'june of 2000', '2003', '12 december, 2002', '10 february, 2004', 'about 15 years', '16 march, 2004', '25 october', '2003', 'four weeks', '23 october, 2003', '1997', '1997', '15 december, 2003', '5 march, 2004', '15 may, 2004', '20 may, 2004', 'just a few days earlier', 'two months', 'december, 2003', 'three-day', 'december, 2003', '2004', 'daily', '20 november, 2003', 'at least several months', '3 august, 2004', '11 august, 2004', 'the period 20 august to 18 september, 2004', '1 september', '12 july, 2004', '25 september', '14 september, 2004', '1721', '11 october, 2004', 'week', '20 october, 2004', 'nearly a month', '18 september, 2004', 'month', 'the past month', '3236', '4618', '15 october, 2004', 'the next day', '25 october', '1 july, 2003', '5 march', '2004', '18 july, 2004', '29 october, 2004', '1721', '1991', '14 september, 2004', '1641', '2116 27th', '1621', '6132', '17 september, 2004', '1999', '2001', 'october, 2004', '5 march', '2004', '1 december, 2004', '3 december, 2004', '6 december, 2004', '1 december, 2004', '29 november, 2004', 'just a month', '15 november, 2004', '21 november, 2004', '13 december, 2004', '19 december, 2004', '20 september, 2004', '13 december, 2004', '20 september, 2004', '14 november, 2004', '21 november, 2004', '12 december, 2004', '19 december, 2004', '18 december, 2004', '21 september, 2004', '7 november, 2004', '14 november, 2004', '12 december, 2004', '19 december, 2004', '17 december, 2004'], 'organization': ['cia', 'nj', 'cia', 'bmi', 'drexel', 'drexel', 'hezbollah', 'cia', 'the chicago fbi field office', 'islamic jihad', 'fbi', 'salah', 'al qaeda', 'the texeast petroleum co.', 'fbi', 'the university of missouri', 'nj', 'al qaeda', 'fbi', 'fbi', 'fbi', 'baltimore city college', 'fbi', 'taliban', 'fbi', 'the university of texas', 'fbi', 'the american university', 'the university of missouri', 'fbi', 'the university of miami campus', 'dia', 'fbi', 'detroit utilities co.', 'fbi', ""texas driver's"", 'the detroit utilities co.', 'fbi', 'the university of michigan', 'the detroit utilities co.', 'the detroit utilities', 'al qaeda', 'cia', 'hackney', 'fbi', 'fbi', 'toyota', 'toyota', 'fbi', 'dia', 'fbi', 'fbi', 'fbi', 'the jersey national bank', 'nj', 'fbi', 'the american islamic scholarship fund', 'fbi', 'the detroit office', 'detroit utilities co.', 'detroit utilities', 'aryan militia', 'canada eastern airlines', 'dia', 'nj', 'dia', 'detroit utilities co.', 'item:""we', 'fbi', 'royal norwegian']}"
NSA_01,intercept phone call arab march locat london locat pari london locat becklow rd shepard bush pari locat rue duhesm part messag caller say hope cook lot white meat texa
NSA_01,"{'person': ['bush'], 'location': ['london', 'paris', 'london', 'paris', 'texas'], 'date': ['28 march', '2003'], 'organization': []}"
NSA_02,intercept phone call arab april locat amsterdam locat montreal canada amsterdam locat grootslagstraat amsterdam montreal locat st clare st part messag caller say best place father stay chicago cermak rd rent cheap
NSA_02,"{'person': [], 'location': ['amsterdam', 'montreal', 'canada', 'chicago'], 'date': ['25 april, 2003', '2211'], 'organization': []}"
NSA_03,intercept phone call pari ojinaga mexico pari call origin rue de civri ojinaga locat pay phone cabrito hotel part messag arab caller say let know r make safe passag north
NSA_03,"{'person': [], 'location': ['paris', 'ojinaga', 'mexico', 'paris'], 'date': [], 'organization': []}"
NSA_04,record traffic aol oasi internet cafe marrakech morocco usernam name belong user windsor ontario canada person account bill derwish whose address given tecumseh rd part messag english read need sent juli fail abdul hand august
NSA_04,"{'person': [], 'location': ['marrakech', 'morocco', 'ontario', 'canada'], 'date': ['15 july', '1 august,', '2003'], 'organization': ['rder3', 'rder3']}"
NSA_05,intercept phone call septemb locat moscow identifi phone central russian airlin offic pay phone locat bu station chitral pakistan caller speak russian say bugarov meet casablanca octob let know immedi come receiv call repli also russian arab accent sure
NSA_05,"{'person': [], 'location': ['moscow', 'pakistan'], 'date': ['3 september, 2003', '22 october'], 'organization': []}"
NSA_06,intercept phone call septemb locat nassau one freeport bahama nassau locat appl freeport locat grenfel resid nassau address name omar hanif resid freeport address name muslih odeh part messag caller say rememb meet went karachi last march go offer promot accept repli ye cours
NSA_06,"{'person': ['omar hanif'], 'location': ['karachi'], 'date': ['5 september, 2003', '1789', 'last march'], 'organization': []}"
NSA_07,intercept phone call locat karachi pakistan locat panama citi panama locat karachi nishtar rd locat panama citi panamico caller say english help us sell larg assort high qualiti tanzanit short time person receiv call say ye money go usual place caller repli ye shipment money shipment may go place let know
NSA_07,"{'person': [], 'location': ['karachi', 'pakistan', 'panama city', 'panama', 'karachi', 'panama city'], 'date': [], 'organization': []}"
NSA_08,intercept phone call septemb chitral pakistan casablanca morocco call chitral prepaid cell phone use unlist id number suppli internet cafe peshawar recipi phone list belong load offic holland orang ship line casablanca caller begin say seen quit see usual place casablanca day busi person receiv call say glad see bring anyon els caller say possibl one friend
NSA_08,"{'person': [], 'location': ['pakistan', 'morocco'], 'date': ['25 september', 'the 20th', 'a few days', 'the 20th'], 'organization': []}"
NSA_09,intercept phone call casablanca morocco santo domingo dominican republ octob call origin phone list holland orang ship line casablanca recipi call resid avenu san martin santo domingo convers caller state arab receiv shipment antibiot time announc time receiv shipment medic suppli let know item go
NSA_09,"{'person': [], 'location': ['morocco'], 'date': ['23 october, 2003'], 'organization': []}"
NSA_10,intercept phone call decemb locat pari franc locat windsor ontario canada pari call rue cardinet call receiv tecumseh rd windsor brief messag caller say french mother meet buffalo expect person receiv call say ferri usual caller say ye
NSA_10,"{'person': [], 'location': ['paris', 'france', 'ontario', 'canada', 'paris'], 'date': ['15 december, 2003', 'the 28th'], 'organization': []}"
NSA_11,intercept phone call chitral pakistan locat havana cuba call chitral prepaid cell phone use unlist id number suppli internet cafe peshawar receiv phone call address plasencia havana resid bori bugarov caller say russian medic suppli go moral santo domingo tell receiv payment end month receiv say russian fine let escalant handl arrang shipment
NSA_11,"{'person': ['plasencia st.', 'boris bugarov'], 'location': ['pakistan', 'havana', 'cuba', 'havana'], 'date': ['the end of the month'], 'organization': []}"
NSA_12,intercept phone call calamar columbia ojinaga mexico caller use pay phone lo palma hotel calamar receiv pay phone cabrito ojinaga brief messag caller said expect jose carlo may first let go north hear us receiv repli know troubl must send us money cover expens
NSA_12,"{'person': ['carlos'], 'location': ['calamar', 'columbia', 'ojinaga', 'mexico', 'los palmas', 'calamar'], 'date': [], 'organization': []}"
NSA_13,intercept phone call bogota columbia tampico mexico call origin pay phone lo and hotel bogota receiv call resid la mirada tampico caller began say spanish heard arab friend need find new way north hear chetum may good recommend anoth stopov recipi call repli ye given thought recommend tri ciudad madero close provid help also make rout ojinaga shorter access fund repli ye cours sound good
NSA_13,"{'person': [], 'location': ['bogota', 'columbia', 'tampico', 'mexico', 'bogota', 'tampico'], 'date': [], 'organization': []}"
NSA_14,intercept phone call septemb phone central russia airlin moscow unlist cell phone chitral pakistan caller say russian got first payment obtain want let know wish deliv stuff recipi call say fine long
NSA_14,"{'person': [], 'location': ['russia', 'moscow', 'pakistan'], 'date': ['5 september, 2004'], 'organization': []}"
NSA_15,intercept phone call septemb tehran iran tampico mexico caller phone cultur ministri tehran receiv call la mirada tampico caller say pharsi crusad enemi say girl best friend understand mean receiv say understand complet best friend
NSA_15,"{'person': [], 'location': ['tehran', 'iran', 'tampico', 'mexico', 'tehran', 'tampico'], 'date': ['12 september, 2004'], 'organization': []}"
NSA_16,intercept phone call septemb havana cuba santo domingo dominican republ havana call origin desagu havana list name jose escalant destin san martin santo domingo list name carlo moral caller say spanish hello carlo call tell arz medic suppli novemb know give repli ye guy name sufaat also get antibiot heard arab also novemb stuff go caller say know anyth antibiot guess suppos know guess go friend columbia
NSA_16,"{'person': ['san martin', 'carlos'], 'location': ['havana', 'cuba', 'havana', 'columbia'], 'date': ['28 september, 2004', 'november 21st', 'november 21st'], 'organization': ['the havana call originated']}"
NSA_17,intercept phone call bogota columbia tampico mexico call origin pay phone lo and hotel bogota receiv call resid la mirada tampico caller said spanish first two guest arriv tenth month new place make sure tell avoid go north piedra negra believ rinaldo carlo caught repli send cuidad acuna place look bad
NSA_17,"{'person': ['rinaldo', 'carlos'], 'location': ['bogota', 'columbia', 'tampico', 'mexico', 'bogota', 'tampico'], 'date': ['the tenth of this month'], 'organization': []}"
NSA_18,intercept phone call chitral pakistan locat havana cuba call chitral prepaid cell phone use unlist id number suppli internet cafe peshawar receiv phone call address plasencia havana caller say russian medic suppli moral novemb sure soon hear rock way repli given worri boy good
NSA_18,"{'person': ['plasencia st.'], 'location': ['pakistan', 'havana', 'cuba', 'havana'], 'date': ['november 21st'], 'organization': []}"
NSA_19,intercept phone call novemb bogota columbia tampico mexico call origin pay phone lo and hotel bogota receiv call resid la mirada tampico person resid identifi saudi name riyad said use alia jose ramirez call caller say spanish happen two guest arriv week ago repli made fine new rout work great heard two day ago made destin north
NSA_19,"{'person': [], 'location': ['bogota', 'columbia', 'tampico', 'mexico', 'bogota', 'tampico'], 'date': ['15 november, 2004', 'a few weeks ago', 'two days ago'], 'organization': []}"
NSA_20,intercept phone call novemb chitral pakistan locat havana cuba call chitral prepaid cell phone use unlist id number suppli internet cafe peshawar receiv phone call phone list seashor hotel nassau bahama caller say arab news recipi say six guest arriv first visit receiv packag see antibiot medic suppli get requir repli caller say good news thank
NSA_20,"{'person': [], 'location': ['pakistan', 'havana', 'cuba'], 'date': ['21 november, 2004'], 'organization': []}"
NSA_21,intercept phone call novemb bogota columbia cuidad acuna mexico call origin pay phone lo and hotel bogota receiv call resid zaragoza ciudad acuna caller say spanish next time talk boy north tell make sure get stori straight person receiv call say worri know suppos
NSA_21,"{'person': [], 'location': ['bogota', 'columbia', 'cuidad', 'acuna', 'mexico', 'bogota'], 'date': ['28 november, 2004'], 'organization': []}"
NSA_22,intercept phone call novemb havana cuba moscow russia call origin offic cuban govern build fidel havana call receiv offic central russia airlin moscow caller say russian hello pyotr bori think come home januari see receiv call say gone januari sorri way arab casablanca caller say quit well sold four canist receiv say suppos tell sold two wonder stuff caller say arab told would use middl east possibl american forc iraq guess use isra tell meet bought new hous beach ought come visit meet new wife
NSA_22,"{'person': ['boris'], 'location': ['havana', 'cuba', 'moscow', 'russia', 'havana', 'russia', 'moscow', 'the middle east', 'iraq'], 'date': ['28 november, 2004', 'january', 'january'], 'organization': []}"
NSA_docs.txt,intercept phone call arab march locat london locat pari london locat becklow rd shepard bush pari locat rue duhesm part messag caller say hope cook lot white meat texa intercept phone call arab april locat amsterdam locat montreal canada amsterdam locat grootslagstraat amsterdam montreal locat st clare st part messag caller say best place father stay chicago cermak rd rent cheap intercept phone call pari ojinaga mexico pari call origin rue de civri ojinaga locat pay phone cabrito hotel part messag arab caller say let know r make safe passag north record traffic aol oasi internet cafe marrakech morocco usernam name belong user windsor ontario canada person account bill derwish whose address given tecumseh rd part messag english read need sent juli fail abdul hand august intercept phone call septemb locat moscow identifi phone central russian airlin offic pay phone locat bu station chitral pakistan caller speak russian say bugarov meet casablanca octob let know immedi come receiv call repli also russian arab accent intercept phone call septemb locat nassau one freeport bahama nassau locat appl freeport locat grenfel resid nassau address name omar hanif resid freeport address name muslih odeh part messag caller say rememb meet went karachi last march go offer promot accept repli ye intercept phone call locat karachi pakistan locat panama citi panama locat karachi nishtar rd locat panama citi panamico caller say english help us sell larg assort high qualiti tanzanit short time person receiv call say ye money go usual place caller repli ye shipment money shipment may go place let intercept phone call septemb chitral pakistan casablanca morocco call chitral prepaid cell phone use unlist id number suppli internet cafe peshawar recipi phone list belong load offic holland orang ship line casablanca caller begin say seen quit see usual place casablanca day busi person receiv call say glad see bring anyon els caller say possibl one intercept phone call casablanca morocco santo domingo dominican republ octob call origin phone list holland orang ship line casablanca recipi call resid avenu san martin santo domingo convers caller state arab receiv shipment antibiot time announc time receiv shipment medic suppli let know item intercept phone call decemb locat pari franc locat windsor ontario canada pari call rue cardinet call receiv tecumseh rd windsor brief messag caller say french mother meet buffalo expect person receiv call say ferri usual caller say intercept phone call chitral pakistan locat havana cuba call chitral prepaid cell phone use unlist id number suppli internet cafe peshawar receiv phone call address plasencia havana resid bori bugarov caller say russian medic suppli go moral santo domingo tell receiv payment end month receiv say russian fine let escalant handl arrang intercept phone call calamar columbia ojinaga mexico caller use pay phone lo palma hotel calamar receiv pay phone cabrito ojinaga brief messag caller said expect jose carlo may first let go north hear us receiv repli know troubl must send us money cover intercept phone call bogota columbia tampico mexico call origin pay phone lo and hotel bogota receiv call resid la mirada tampico caller began say spanish heard arab friend need find new way north hear chetum may good recommend anoth stopov recipi call repli ye given thought recommend tri ciudad madero close provid help also make rout ojinaga shorter access fund repli ye cours sound intercept phone call septemb phone central russia airlin moscow unlist cell phone chitral pakistan caller say russian got first payment obtain want let know wish deliv stuff recipi call say fine long intercept phone call septemb tehran iran tampico mexico caller phone cultur ministri tehran receiv call la mirada tampico caller say pharsi crusad enemi say girl best friend understand mean receiv say understand complet best friend intercept phone call septemb havana cuba santo domingo dominican republ havana call origin desagu havana list name jose escalant destin san martin santo domingo list name carlo moral caller say spanish hello carlo call tell arz medic suppli novemb know give repli ye guy name sufaat also get antibiot heard arab also novemb stuff go caller say know anyth antibiot guess suppos know guess go friend intercept phone call bogota columbia tampico mexico call origin pay phone lo and hotel bogota receiv call resid la mirada tampico caller said spanish first two guest arriv tenth month new place make sure tell avoid go north piedra negra believ rinaldo carlo caught repli send cuidad acuna place look bad intercept phone call chitral pakistan locat havana cuba call chitral prepaid cell phone use unlist id number suppli internet cafe peshawar receiv phone call address plasencia havana caller say russian medic suppli moral novemb sure soon hear rock way repli given worri boy intercept phone call novemb bogota columbia tampico mexico call origin pay phone lo and hotel bogota receiv call resid la mirada tampico person resid identifi saudi name riyad said use alia jose ramirez call caller say spanish happen two guest arriv week ago repli made fine new rout work great heard two day ago made destin intercept phone call novemb chitral pakistan locat havana cuba call chitral prepaid cell phone use unlist id number suppli internet cafe peshawar receiv phone call phone list seashor hotel nassau bahama caller say arab news recipi say six guest arriv first visit receiv packag see antibiot medic suppli get requir repli caller say good news intercept phone call novemb bogota columbia cuidad acuna mexico call origin pay phone lo and hotel bogota receiv call resid zaragoza ciudad acuna caller say spanish next time talk boy north tell make sure get stori straight person receiv call say worri know suppos intercept phone call novemb havana cuba moscow russia call origin offic cuban govern build fidel havana call receiv offic central russia airlin moscow caller say russian hello pyotr bori think come home januari see receiv call say gone januari sorri way arab casablanca caller say quit well sold four canist receiv say suppos tell sold two wonder stuff caller say arab told would use middl east possibl american forc iraq guess use isra tell meet bought new hous beach ought come visit meet new wife
NSA_docs.txt,"{'person': ['bush', 'omar hanif', 'plasencia st.', 'boris bugarov', 'carlos', 'san martin', 'carlos', 'rinaldo', 'carlos', 'plasencia st.', 'boris'], 'location': ['london', 'paris', 'london', 'paris', 'texas', 'amsterdam', 'montreal', 'canada', 'chicago', 'paris', 'ojinaga', 'mexico', 'paris', 'marrakech', 'morocco', 'ontario', 'canada', 'moscow', 'pakistan', 'karachi', 'karachi', 'pakistan', 'panama city', 'panama', 'karachi', 'panama city', 'pakistan', 'morocco', 'morocco', 'paris', 'france', 'ontario', 'canada', 'paris', 'pakistan', 'havana', 'cuba', 'havana', 'calamar', 'columbia', 'ojinaga', 'mexico', 'los palmas', 'calamar', 'bogota', 'columbia', 'tampico', 'mexico', 'bogota', 'tampico', 'russia', 'moscow', 'pakistan', 'tehran', 'iran', 'tampico', 'mexico', 'tehran', 'tampico', 'havana', 'cuba', 'havana', 'columbia', 'bogota', 'columbia', 'tampico', 'mexico', 'bogota', 'tampico', 'pakistan', 'havana', 'cuba', 'havana', 'bogota', 'columbia', 'tampico', 'mexico', 'bogota', 'tampico', 'pakistan', 'havana', 'cuba', 'bogota', 'columbia', 'cuidad', 'acuna', 'mexico', 'bogota', 'havana', 'cuba', 'moscow', 'russia', 'havana', 'russia', 'moscow', 'the middle east', 'iraq'], 'date': ['28 march', '2003', '25 april, 2003', '2211', '15 july', '1 august,', '2003', '3 september, 2003', '22 october', '5 september, 2003', '1789', 'last march', '25 september', 'the 20th', 'a few days', 'the 20th', '23 october, 2003', '15 december, 2003', 'the 28th', 'the end of the month', '5 september, 2004', '12 september, 2004', '28 september, 2004', 'november 21st', 'november 21st', 'the tenth of this month', 'november 21st', '15 november, 2004', 'a few weeks ago', 'two days ago', '21 november, 2004', '28 november, 2004', '28 november, 2004', 'january', 'january'], 'organization': ['rder3', 'rder3', 'the havana call originated']}"
USCBP_01,august two men apprehend longhorn motel carrizo spring tx motel owner mike sander said becam suspici two identif present regist motel august one men present texa driver licens pictur seem fuzzi addit list texa car licens khz sander allow men stay made note address driver licens fannin uvald tx sander inform uscbp offic laredo verifi address uvald tx addit car motel park lot licens plate khz interview uscpb offic one men said car obvious stolen motel park lot probabl two men cross border vicin piedra negra eagl pass held question examin luggag reveal sever document written arab includ instruct make sarin ga ricin
USCBP_01,"{'person': ['mike sanders', 'sanders'], 'location': ['carrizo springs', 'texas', 'texas', 'laredo'], 'date': ['3 august, 2004 two', '2 august, 2004', '2233'], 'organization': []}"
USCBP_02,routin custom inspect perform packag sent person name pieter doppl hoveniersstraat antwerp belgium packag address hijazi lyon newark nj custom form state packag contain two decor clock commerci valu packag instead contain polish diamond whose valu estim discuss fbi result decis pursu custom violat charg hijazi reason hijazi current fbi surveil packag reseal deliv hijazi usp
USCBP_02,"{'person': ['pieter dopple', 'a. hijazi'], 'location': ['antwerp', 'belgium', 'newark'], 'date': ['1212'], 'organization': ['nj', 'fbi', 'fbi']}"
USCBP_docs.txt,august two men apprehend longhorn motel carrizo spring tx motel owner mike sander said becam suspici two identif present regist motel august one men present texa driver licens pictur seem fuzzi addit list texa car licens khz sander allow men stay made note address driver licens fannin uvald tx sander inform uscbp offic laredo verifi address uvald tx addit car motel park lot licens plate khz interview uscpb offic one men said car obvious stolen motel park lot probabl two men cross border vicin piedra negra eagl pass held question examin luggag reveal sever document written arab includ instruct make sarin ga ricin routin custom inspect perform packag sent person name pieter doppl hoveniersstraat antwerp belgium packag address hijazi lyon newark nj custom form state packag contain two decor clock commerci valu packag instead contain polish diamond whose valu estim discuss fbi result decis pursu custom violat charg hijazi reason hijazi current fbi surveil packag reseal deliv hijazi usp
USCBP_docs.txt,"{'person': ['mike sanders', 'sanders', 'pieter dopple', 'a. hijazi'], 'location': ['carrizo springs', 'texas', 'texas', 'laredo', 'antwerp', 'belgium', 'newark'], 'date': ['3 august, 2004 two', '2 august, 2004', '2233', '1212'], 'organization': ['nj', 'fbi', 'fbi']}"
